"fname","cop_name","plate","frame","sec","drop","blobs","blob_size","x","y","distance","dot_product"
"63_4C_13","63_4C","63",0,-1.375,0,0,NA,486,324.84,NA,NA
"63_4C_13","63_4C","63",1,-1.25,0,0,NA,486,324.84,0,0
"63_4C_13","63_4C","63",2,-1.125,0,0,NA,486,324.84,0,0
"63_4C_13","63_4C","63",3,-1,0,0,NA,486,324.84,0,0
"63_4C_13","63_4C","63",4,-0.875,0,0,NA,486,324.84,0,0
"63_4C_13","63_4C","63",5,-0.75,0,0,NA,486,324.84,0,0
"63_4C_13","63_4C","63",6,-0.625,0,0,NA,486,324.84,0,0
"63_4C_13","63_4C","63",7,-0.5,0,0,NA,486,324.84,0,0
"63_4C_13","63_4C","63",8,-0.375,0,0,NA,486,324.84,0,0
"63_4C_13","63_4C","63",9,-0.25,0,0,NA,486,324.84,0,0
"63_4C_13","63_4C","63",10,-0.125,0,0,NA,486,324.84,0,0
"63_4C_13","63_4C","63",11,0,0,0,NA,486,324.84,0,0
"63_4C_13","63_4C","63",12,0.125,0,0,NA,486,324.84,0,0
"63_4C_13","63_4C","63",13,0.25,0,0,NA,486,324.84,0,0
"63_4C_13","63_4C","63",14,0.375,0,0,NA,486,324.84,0,0
"63_4C_13","63_4C","63",15,0.5,0,0,NA,486,324.84,0,0
"63_4C_13","63_4C","63",16,0.625,0,0,NA,486,324.84,0,0
"63_4C_13","63_4C","63",17,0.75,0,0,NA,486,324.84,0,0
"63_4C_13","63_4C","63",18,0.875,0,0,NA,486,324.84,0,0
"63_4C_13","63_4C","63",19,1,0,0,NA,486,324.84,0,0
"63_4C_13","63_4C","63",20,1.125,0,0,NA,486,324.84,0,0
"63_4C_13","63_4C","63",21,1.25,0,0,NA,486,324.84,0,0
"63_4C_13","63_4C","63",22,1.375,0,0,NA,486,324.84,0,0
"63_4C_13","63_4C","63",23,1.5,0,0,NA,486,324.84,0,0
"63_4C_13","63_4C","63",24,1.625,0,0,NA,486,324.84,0,0
"63_4C_13","63_4C","63",25,1.75,0,0,NA,486,324.84,0,0
"63_4C_13","63_4C","63",26,1.875,0,0,NA,486,324.84,0,0
"63_4C_13","63_4C","63",27,2,0,0,NA,486,324.84,0,0
"63_4C_13","63_4C","63",28,2.125,0,0,NA,486,324.84,0,0
"63_4C_13","63_4C","63",29,2.25,0,0,NA,486,324.84,0,0
"63_4C_13","63_4C","63",30,2.375,0,0,NA,486,324.84,0,0
"63_4C_13","63_4C","63",31,2.5,0,0,NA,486,324.84,0,0
"63_4C_13","63_4C","63",32,2.625,0,0,NA,486,324.84,0,0
"63_4C_13","63_4C","63",33,2.75,0,0,NA,486,324.84,0,0
"63_4C_13","63_4C","63",34,2.875,0,0,NA,486,324.84,0,0
"63_4C_13","63_4C","63",35,3,0,0,NA,486,324.84,0,0
"63_4C_13","63_4C","63",36,3.125,0,0,NA,486,324.84,0,0
"63_4C_13","63_4C","63",37,3.25,0,0,NA,486,324.84,0,0
"63_4C_13","63_4C","63",38,3.375,0,0,NA,486,324.84,0,0
"63_4C_13","63_4C","63",39,3.5,0,0,NA,486,324.84,0,0
"63_4C_13","63_4C","63",40,3.625,0,0,NA,486,324.84,0,0
"63_4C_13","63_4C","63",41,3.75,0,0,NA,486,324.84,0,0
"63_4C_13","63_4C","63",42,3.875,0,0,NA,486,324.84,0,0
"63_4C_13","63_4C","63",43,4,0,0,NA,486,324.84,0,0
"63_4C_13","63_4C","63",44,4.125,0,0,NA,486,324.84,0,0
"63_4C_13","63_4C","63",45,4.25,0,0,NA,486,324.84,0,0
"63_4C_13","63_4C","63",46,4.375,0,0,NA,486,324.84,0,0
"63_4C_13","63_4C","63",47,4.5,0,0,NA,486,324.84,0,0
"63_4C_13","63_4C","63",48,4.625,0,0,NA,486,324.84,0,0
"63_4C_13","63_4C","63",49,4.75,0,0,NA,486,324.84,0,0
"63_4C_13","63_4C","63",50,4.875,0,0,NA,486,324.84,0,0
"63_4C_13","63_4C","63",51,5,0,0,NA,486,324.84,0,0
"63_4C_13","63_4C","63",52,5.125,0,0,NA,486,324.84,0,0
"63_4C_13","63_4C","63",53,5.25,0,0,NA,486,324.84,0,0
"63_4C_13","63_4C","63",54,5.375,0,0,NA,486,324.84,0,0
"63_4C_13","63_4C","63",55,5.5,0,0,NA,486,324.84,0,0
"63_4C_13","63_4C","63",56,5.625,0,0,NA,486,324.84,0,0
"63_4C_13","63_4C","63",57,5.75,0,0,NA,486,324.84,0,0
"63_4C_13","63_4C","63",58,5.875,0,0,NA,486,324.84,0,0
"63_4C_13","63_4C","63",59,6,0,1,4.34192895889282,486,324.84,0,0
"63_4C_13","63_4C","63",60,6.125,0,1,4.4320182800293,485.63,324.54,0.476340214552557,1.44559999999995
"63_4C_13","63_4C","63",61,6.25,0,1,4.30334234237671,482.85,323.15,3.1081344887247,-0.208499999999958
"63_4C_13","63_4C","63",62,6.375,0,1,4.4721360206604,483,323,0.212132034355932,-0.00149999999999841
"63_4C_13","63_4C","63",63,6.5,0,1,4.29617643356323,483.1,323.11,0.14866068747321,-0.0797000000000193
"63_4C_13","63_4C","63",64,6.625,0,1,4.64253902435303,482.6,322.84,0.568242905807033,-0.208700000000013
"63_4C_13","63_4C","63",65,6.75,0,1,4.30334234237671,482.85,323.15,0.398246155034799,-0.100999999999997
"63_4C_13","63_4C","63",66,6.875,0,1,4.46820449829102,482.88,322.8,0.35128336140497,-0.123399999999974
"63_4C_13","63_4C","63",67,7,0,1,4.30334234237671,482.85,323.15,0.35128336140497,-0.0569999999999821
"63_4C_13","63_4C","63",68,7.125,0,1,4.4721360206604,483,323,0.212132034355932,0.0119999999999958
"63_4C_13","63_4C","63",69,7.25,0,1,4.46820449829102,482.88,322.8,0.233238075793805,0
"63_4C_13","63_4C","63",70,7.375,0,1,4.46820449829102,482.88,322.8,0,0
"63_4C_13","63_4C","63",71,7.5,0,1,4.01123428344727,476.15,321,6.9665558204898,10.0600000000001
"63_4C_13","63_4C","63",72,7.625,0,1,4.30334234237671,475.15,319.15,2.10297408448133,0.0974999999999545
"63_4C_13","63_4C","63",73,7.75,0,1,3.9712381362915,475.33,319,0.23430749027719,0
"63_4C_13","63_4C","63",74,7.875,0,0,NA,475.33,319,0,0
"63_4C_13","63_4C","63",75,8,0,0,NA,475.33,319,0,0
"63_4C_13","63_4C","63",76,8.125,0,1,4.18675136566162,472.27,317.67,3.33654012414057,0.371200000000011
"63_4C_13","63_4C","63",77,8.25,0,1,4.3159761428833,472.14,317.69,0.131529464379652,-0.0294999999999947
"63_4C_13","63_4C","63",78,8.375,0,1,3.72684335708618,472.33,317.45,0.306104557300285,-0.0355999999999995
"63_4C_13","63_4C","63",79,8.5,0,1,3.50364899635315,472.37,317.63,0.184390889145869,-0.0340000000000041
"63_4C_13","63_4C","63",80,8.625,0,1,3.72684335708618,472.33,317.45,0.184390889145869,-0.00340000000000007
"63_4C_13","63_4C","63",81,8.75,0,1,4.4320182800293,472.37,317.46,0.0412310562561942,0.00169999999999861
"63_4C_13","63_4C","63",82,8.875,0,1,3.50364899635315,472.37,317.63,0.170000000000016,0.110500000000006
"63_4C_13","63_4C","63",83,9,0,1,4.13792085647583,473.05,318.28,0.940691235209503,-1.00229999999999
"63_4C_13","63_4C","63",84,9.125,0,1,4.3159761428833,472.14,317.69,1.08452754690695,-0.255000000000024
"63_4C_13","63_4C","63",85,9.25,0,1,4.3159761428833,472.31,317.86,0.240416305603449,-0.110500000000016
"63_4C_13","63_4C","63",86,9.375,0,1,4.27798509597778,472.27,317.25,0.611310068623132,-0.256200000000015
"63_4C_13","63_4C","63",87,9.5,0,1,4.18675136566162,472.27,317.67,0.420000000000016,-0.201600000000015
"63_4C_13","63_4C","63",88,9.625,0,1,3.63458633422852,472.19,317.19,0.486621002423873,0
"63_4C_13","63_4C","63",89,9.75,0,1,3.63458633422852,472.19,317.19,0,0
"63_4C_13","63_4C","63",90,9.875,0,1,4.18675136566162,472.27,317.67,0.486621002423873,-0.000800000000005935
"63_4C_13","63_4C","63",91,10,0,1,4.3159761428833,472.14,317.69,0.131529464379652,0
"63_4C_13","63_4C","63",92,10.125,0,1,4.3159761428833,472.14,317.69,0,0
"63_4C_13","63_4C","63",93,10.25,0,1,3.94565057754517,472.29,317.84,0.212132034355972,0.0195000000000083
"63_4C_13","63_4C","63",94,10.375,0,1,4.60857009887695,472.5,317.76,0.224722050542418,-0.0478999999999959
"63_4C_13","63_4C","63",95,10.5,0,1,4.3159761428833,472.31,317.86,0.214709105535847,-0.0571000000000075
"63_4C_13","63_4C","63",96,10.625,0,1,4.64253902435303,472.6,317.84,0.290688837074996,0
"63_4C_13","63_4C","63",97,10.75,0,0,NA,472.6,317.84,0,0
"63_4C_13","63_4C","63",98,10.875,0,1,4.56155300140381,472,317.5,0.689637585982674,-0.148599999999989
"63_4C_13","63_4C","63",99,11,0,1,4.3159761428833,472.14,317.69,0.236008474424109,-0.0556999999999953
"63_4C_13","63_4C","63",100,11.125,0,1,4.56155300140381,472,317.5,0.236008474424109,-0.105199999999993
"63_4C_13","63_4C","63",101,11.25,0,1,3.94565057754517,472.29,317.84,0.446878059430081,0.115300000000003
"63_4C_13","63_4C","63",102,11.375,0,1,3.60555124282837,472.5,318,0.264007575648881,0
"63_4C_13","63_4C","63",103,11.5,0,0,NA,472.5,318,0,0
"63_4C_13","63_4C","63",104,11.625,0,1,3.61316752433777,472.37,317.22,0.790759128938741,-0.174199999999961
"63_4C_13","63_4C","63",105,11.75,0,1,3.72684335708618,472.33,317.45,0.23345235059854,0.0302000000000053
"63_4C_13","63_4C","63",106,11.875,0,1,3.86455106735229,472.15,317.55,0.205912602819757,1.41400000000008
"63_4C_13","63_4C","63",107,12,0,1,4.27798509597778,465.25,319.27,7.11114618046905,0
"63_4C_13","63_4C","63",108,12.125,0,0,NA,465.25,319.27,0,0
"63_4C_13","63_4C","63",109,12.25,0,1,3.83653593063354,456.55,317.14,8.95694702451677,4.3803000000001
"63_4C_13","63_4C","63",110,12.375,0,1,4.05183553695679,456,317.33,0.581893461039056,0.582300000000014
"63_4C_13","63_4C","63",111,12.5,0,1,3.60555124282837,455,317.5,1.01434708063858,0
"63_4C_13","63_4C","63",112,12.625,0,0,NA,455,317.5,0,0
"63_4C_13","63_4C","63",113,12.75,0,1,4.59517049789429,453.89,318.46,1.4675489770362,-0.0836999999999978
"63_4C_13","63_4C","63",114,12.875,0,1,4.56155300140381,454,318.5,0.117046999107216,-0.173200000000003
"63_4C_13","63_4C","63",115,13,0,1,3.9712381362915,452,319.67,2.31708869057704,0
"63_4C_13","63_4C","63",116,13.125,0,0,NA,452,319.67,0,0
"63_4C_13","63_4C","63",117,13.25,0,1,3.79621624946594,451.72,319.41,0.38209946349083,0.0954000000000141
"63_4C_13","63_4C","63",118,13.375,0,1,3.57600021362305,451.5,319.28,0.255538646783663,-0.138600000000029
"63_4C_13","63_4C","63",119,13.5,0,1,3.60555124282837,452,319.5,0.546260011349918,0.120199999999989
"63_4C_13","63_4C","63",120,13.625,0,1,3.79621624946594,452.28,319.41,0.294108823397021,-0.140199999999966
"63_4C_13","63_4C","63",121,13.75,0,1,3.72725701332092,451.85,319.63,0.483011387029275,-0.0270999999999723
"63_4C_13","63_4C","63",122,13.875,0,1,3.61316752433777,451.78,319.37,0.269258240356729,-0.00620000000000578
"63_4C_13","63_4C","63",123,14,0,1,3.79621624946594,451.72,319.41,0.0721110255092457,-0.00639999999997812
"63_4C_13","63_4C","63",124,14.125,0,1,3.9712381362915,452,319.67,0.38209946349083,-0.0442000000000026
"63_4C_13","63_4C","63",125,14.25,0,1,3.60555124282837,452,319.5,0.170000000000016,0.0221000000000013
"63_4C_13","63_4C","63",126,14.375,0,1,3.61316752433777,451.78,319.37,0.255538646783634,0.0733000000000054
"63_4C_13","63_4C","63",127,14.5,0,1,3.57600021362305,451.5,319.28,0.294108823397039,-0.0198000000000095
"63_4C_13","63_4C","63",128,14.625,0,1,3.16227769851685,451.5,319.5,0.220000000000027,-0.048400000000012
"63_4C_13","63_4C","63",129,14.75,0,1,3.57600021362305,451.5,319.28,0.220000000000027,-0.0858000000000202
"63_4C_13","63_4C","63",130,14.875,0,1,3.9712381362915,452,319.67,0.634113554499534,-0.0663000000000136
"63_4C_13","63_4C","63",131,15,0,1,3.60555124282837,452,319.5,0.170000000000016,0.0152999999999972
"63_4C_13","63_4C","63",132,15.125,0,1,3.79621624946594,452.28,319.41,0.294108823397021,0.00420000000000885
"63_4C_13","63_4C","63",133,15.25,0,1,4.27798509597778,452.25,319.27,0.1431782106328,-0.0247000000000193
"63_4C_13","63_4C","63",134,15.375,0,1,3.60555124282837,452,319.5,0.339705755029273,0
"63_4C_13","63_4C","63",135,15.5,0,1,3.60555124282837,452,319.5,0,0
"63_4C_13","63_4C","63",136,15.625,0,1,3.60555124282837,452,319.5,0,0
"63_4C_13","63_4C","63",137,15.75,0,1,3.60555124282837,452,319.5,0,0
"63_4C_13","63_4C","63",138,15.875,0,1,3.57600021362305,451.5,319.28,0.546260011349918,-0.261000000000004
"63_4C_13","63_4C","63",139,16,0,1,4.05183553695679,452,319.33,0.502493781056046,-0.164500000000003
"63_4C_13","63_4C","63",140,16.125,0,1,4.3159761428833,451.69,319.14,0.363593179253958,-0.132200000000001
"63_4C_13","63_4C","63",141,16.25,0,1,3.9712381362915,452,319.33,0.363593179253958,0.102
"63_4C_13","63_4C","63",142,16.375,0,1,3.79621624946594,452.28,319.41,0.291204395571206,-0.0847999999999913
"63_4C_13","63_4C","63",143,16.5,0,1,4.05183553695679,452,319.33,0.291204395571206,2.90919999999975
"63_4C_13","63_4C","63",144,16.625,0,1,5.00709676742554,441.77,318.77,10.2453160029352,28.2569000000001
"63_4C_13","63_4C","63",145,16.75,0,1,4.33298635482788,438.9,320.74,3.48106305602184,0
"63_4C_13","63_4C","63",146,16.875,0,0,NA,438.9,320.74,0,0
"63_4C_13","63_4C","63",147,17,0,1,4.34192895889282,439.16,321,0.367695526217032,0
"63_4C_13","63_4C","63",148,17.125,0,0,NA,439.16,321,0,0
"63_4C_13","63_4C","63",149,17.25,0,0,NA,439.16,321,0,0
"63_4C_13","63_4C","63",150,17.375,0,1,4.4721360206604,438,321,1.16000000000003,0.394399999999979
"63_4C_13","63_4C","63",151,17.5,0,1,4.69213390350342,437.66,321.11,0.357351367704093,0
"63_4C_13","63_4C","63",152,17.625,0,0,NA,437.66,321.11,0,0
"63_4C_13","63_4C","63",153,17.75,0,0,NA,437.66,321.11,0,0
"63_4C_13","63_4C","63",154,17.875,0,1,4.30334234237671,429.15,327.15,10.4355977308442,18.7780000000003
"63_4C_13","63_4C","63",155,18,0,1,4.30334234237671,428.15,328.85,1.97230829233164,2.88599999999998
"63_4C_13","63_4C","63",156,18.125,0,1,4.4032998085022,427.1,329.93,1.50628682527594,0
"63_4C_13","63_4C","63",157,18.25,0,0,NA,427.1,329.93,0,0
"63_4C_13","63_4C","63",158,18.375,0,0,NA,427.1,329.93,0,0
"63_4C_13","63_4C","63",159,18.5,0,1,4.13320636749268,426.37,336.07,6.18324348542089,30.9603
"63_4C_13","63_4C","63",160,18.625,0,1,4.61096954345703,424.92,340.94,5.08127936645881,-1.52830000000008
"63_4C_13","63_4C","63",161,18.75,0,1,5.10945129394531,425,340.65,0.300832179129842,-0.0622999999999998
"63_4C_13","63_4C","63",162,18.875,0,1,5.30143642425537,424.91,340.84,0.210237960416274,0.0588000000000045
"63_4C_13","63_4C","63",163,19,0,1,5.11532592773438,424.7,341.05,0.296984848098401,-0.178500000000036
"63_4C_13","63_4C","63",164,19.125,0,1,5,425,340.5,0.626498204307099,-0.213999999999984
"63_4C_13","63_4C","63",165,19.25,0,1,5.30143642425537,424.91,340.84,0.351710107901349,0
"63_4C_13","63_4C","63",166,19.375,0,0,NA,424.91,340.84,0,0
"63_4C_13","63_4C","63",167,19.5,0,1,4.73271036148071,424.9,343.19,2.35002127649945,0
"63_4C_13","63_4C","63",168,19.625,0,0,NA,424.9,343.19,0,0
"63_4C_13","63_4C","63",169,19.75,0,0,NA,424.9,343.19,0,0
"63_4C_13","63_4C","63",170,19.875,0,1,4.89960813522339,424.71,343.06,0.230217288664422,-0.0431000000000035
"63_4C_13","63_4C","63",171,20,0,1,4.64440011978149,424.8,343.26,0.219317121994616,-0.00499999999999773
"63_4C_13","63_4C","63",172,20.125,0,1,4.73271036148071,424.9,343.19,0.122065556157305,0
"63_4C_13","63_4C","63",173,20.25,0,0,NA,424.9,343.19,0,0
"63_4C_13","63_4C","63",174,20.375,0,0,NA,424.9,343.19,0,0
"63_4C_13","63_4C","63",175,20.5,0,1,5.02554798126221,424.84,342.77,0.424264068711945,-0.0114000000000105
"63_4C_13","63_4C","63",176,20.625,0,1,5.04111242294312,424.75,342.81,0.0984885780179465,0.00170000000001339
"63_4C_13","63_4C","63",177,20.75,0,1,4.73271036148071,424.9,343.19,0.408533964316297,0.0758000000000099
"63_4C_13","63_4C","63",178,20.875,0,1,5.10945129394531,425,343.35,0.188679622641165,-0.0750000000000165
"63_4C_13","63_4C","63",179,21,0,1,4.82044458389282,424.81,343,0.398246155034816,0
"63_4C_13","63_4C","63",180,21.125,0,0,NA,424.81,343,0,0
"63_4C_13","63_4C","63",181,21.25,0,1,4.86371183395386,421.24,349.68,7.57412041097843,52.2796999999999
"63_4C_13","63_4C","63",182,21.375,0,1,4.89572763442993,419.75,356.71,7.18616726774431,0
"63_4C_13","63_4C","63",183,21.5,0,0,NA,419.75,356.71,0,0
"63_4C_13","63_4C","63",184,21.625,0,1,4.82030439376831,419.8,362.14,5.43023019769881,-0.753699999999926
"63_4C_13","63_4C","63",185,21.75,0,1,5.07757616043091,419.93,362,0.191049731745415,-0.036499999999995
"63_4C_13","63_4C","63",186,21.875,0,1,4.57052564620972,419.8,362.14,0.191049731745415,-0.0059999999999942
"63_4C_13","63_4C","63",187,22,0,1,4.73271036148071,419.9,362.19,0.111803398874964,0
"63_4C_13","63_4C","63",188,22.125,0,0,NA,419.9,362.19,0,0
"63_4C_13","63_4C","63",189,22.25,0,1,4.48923778533936,420.15,361.85,0.422018956920164,-0.231599999999969
"63_4C_13","63_4C","63",190,22.375,0,1,4.69213390350342,419.89,362.34,0.5547071299343,-0.0760999999999792
"63_4C_13","63_4C","63",191,22.5,0,1,4.73271036148071,419.9,362.19,0.150332963783706,0
"63_4C_13","63_4C","63",192,22.625,0,0,NA,419.9,362.19,0,0
"63_4C_13","63_4C","63",193,22.75,0,1,4.73271036148071,418.9,363.19,1.4142135623731,5.20999999999998
"63_4C_13","63_4C","63",194,22.875,0,1,5,417.5,367,4.05907624959177,4.46620000000012
"63_4C_13","63_4C","63",195,23,0,1,3.61316752433777,417.63,368.22,1.22690667941782,-0.0568000000000604
"63_4C_13","63_4C","63",196,23.125,0,1,4.30334234237671,417.85,368.15,0.230867927612345,-0.0653000000000108
"63_4C_13","63_4C","63",197,23.25,0,1,3.83653593063354,417.55,368.14,0.300166620396084,0
"63_4C_13","63_4C","63",198,23.375,0,0,NA,417.55,368.14,0,0
"63_4C_13","63_4C","63",199,23.5,0,1,3.83653593063354,417.86,368.45,0.438406204335663,0.0588999999999997
"63_4C_13","63_4C","63",200,23.625,0,1,4.12310552597046,418,368.5,0.148660687473176,-0.080999999999997
"63_4C_13","63_4C","63",201,23.75,0,1,3.83653593063354,417.55,368.14,0.576281181368956,-0.323999999999989
"63_4C_13","63_4C","63",202,23.875,0,1,3.94565057754517,417.71,368.84,0.718052922840631,-0.411199999999992
"63_4C_13","63_4C","63",203,24,0,1,3.79621624946594,417.59,368.28,0.572712842531057,-0.0732000000000186
"63_4C_13","63_4C","63",204,24.125,0,1,3.61316752433777,417.78,368.37,0.210237960416298,0.0382000000000016
"63_4C_13","63_4C","63",205,24.25,0,1,3.9712381362915,418,368.33,0.223606797750009,-0.0562000000000024
"63_4C_13","63_4C","63",206,24.375,0,1,4.27798509597778,417.73,368.25,0.281602556806552,-0.0510999999999923
"63_4C_13","63_4C","63",207,24.5,0,1,3.83653593063354,417.86,368.45,0.238537208837519,0
"63_4C_13","63_4C","63",208,24.625,0,1,3.83653593063354,417.86,368.45,0,0
"63_4C_13","63_4C","63",209,24.75,0,1,3.61316752433777,417.63,368.22,0.325269119345797,-0.105799999999991
"63_4C_13","63_4C","63",210,24.875,0,1,3.83653593063354,417.86,368.45,0.325269119345797,0.0827999999999972
"63_4C_13","63_4C","63",211,25,0,1,3.9712381362915,418,368.67,0.260768096208122,-0.0710000000000061
"63_4C_13","63_4C","63",212,25.125,0,1,4.60857009887695,417.76,368.5,0.294108823397071,-0.028699999999999
"63_4C_13","63_4C","63",213,25.25,0,1,3.9712381362915,418,368.33,0.294108823397071,-0.0540000000000007
"63_4C_13","63_4C","63",214,25.375,0,1,3.83653593063354,417.86,368.45,0.18439088914585,-0.0135999999999946
"63_4C_13","63_4C","63",215,25.5,0,1,4.12310552597046,418,368.5,0.148660687473176,-0.0220999999999973
"63_4C_13","63_4C","63",216,25.625,0,1,3.83653593063354,417.86,368.45,0.148660687473176,-0.0220999999999973
"63_4C_13","63_4C","63",217,25.75,0,1,4.12310552597046,418,368.5,0.148660687473176,-0.0421000000000007
"63_4C_13","63_4C","63",218,25.875,0,1,3.63458633422852,417.81,368.19,0.363593179253958,-0.184900000000006
"63_4C_13","63_4C","63",219,26,0,1,3.9712381362915,418,368.67,0.516236379965628,4.32840000000013
"63_4C_13","63_4C","63",220,26.125,0,1,4.56155300140381,421,376.5,8.38504025035061,25.7699999999999
"63_4C_13","63_4C","63",221,26.25,0,1,4.60857009887695,421.76,379.5,3.09476978142155,6.78120000000006
"63_4C_13","63_4C","63",222,26.375,0,1,4.4320182800293,422.63,381.54,2.21776914939317,0.456899999999919
"63_4C_13","63_4C","63",223,26.5,0,1,4.62220525741577,422.78,381.7,0.219317121994574,0.373099999999939
"63_4C_13","63_4C","63",224,26.625,0,1,3.94565057754517,423.71,383.16,1.7310401497366,0.358500000000005
"63_4C_13","63_4C","63",225,26.75,0,1,4.3159761428833,423.86,383.31,0.212132034355972,-0.025499999999982
"63_4C_13","63_4C","63",226,26.875,0,1,4.30334234237671,424.15,382.85,0.543783044972864,-0.0801999999999718
"63_4C_13","63_4C","63",227,27,0,1,3.63458633422852,423.81,382.81,0.342344855372451,0.0623999999999996
"63_4C_13","63_4C","63",228,27.125,0,1,3.61316752433777,423.63,382.78,0.182482875908958,-0.0507000000000175
"63_4C_13","63_4C","63",229,27.25,0,1,4.30334234237671,423.85,383.15,0.430464865000636,0.972500000000068
"63_4C_13","63_4C","63",230,27.375,0,1,3.60555124282837,426,384.5,2.53870045495721,0.0100000000000193
"63_4C_13","63_4C","63",231,27.5,0,1,3.63458633422852,425.81,384.81,0.363593179253958,0
"63_4C_13","63_4C","63",232,27.625,0,1,3.63458633422852,425.81,384.81,0,0
"63_4C_13","63_4C","63",233,27.75,0,1,3.60555124282837,426,384.5,0.363593179253958,-0.0329000000000055
"63_4C_13","63_4C","63",234,27.875,0,1,3.61316752433777,425.37,384.22,0.689420046125712,-0.442399999999973
"63_4C_13","63_4C","63",235,28,0,1,3.63458633422852,425.81,384.81,0.736002717386267,0
"63_4C_13","63_4C","63",236,28.125,0,0,NA,425.81,384.81,0,0
"63_4C_13","63_4C","63",237,28.25,0,1,3.63458633422852,425.81,384.81,0,0
"63_4C_13","63_4C","63",238,28.375,0,1,3.61316752433777,425.78,384.63,0.182482875908958,-0.0333000000000042
"63_4C_13","63_4C","63",239,28.5,0,1,3.63458633422852,425.81,384.81,0.182482875908958,0
"63_4C_13","63_4C","63",240,28.625,0,1,3.63458633422852,425.81,384.81,0,0
"63_4C_13","63_4C","63",241,28.75,0,1,3.63458633422852,425.81,384.81,0,0
"63_4C_13","63_4C","63",242,28.875,0,1,3.63458633422852,425.81,384.81,0,0
"63_4C_13","63_4C","63",243,29,0,1,3.61316752433777,425.63,384.78,0.182482875908958,-0.0581999999999959
"63_4C_13","63_4C","63",244,29.125,0,1,3.60555124282837,426,384.5,0.464004310324794,-0.157099999999992
"63_4C_13","63_4C","63",245,29.25,0,1,3.63458633422852,425.81,384.81,0.363593179253958,-0.0794999999999952
"63_4C_13","63_4C","63",246,29.375,0,1,3.9712381362915,426,384.67,0.236008474424109,-0.0461999999999933
"63_4C_13","63_4C","63",247,29.5,0,1,4,426,385,0.329999999999984,-0.0726000000000055
"63_4C_13","63_4C","63",248,29.625,0,1,3.61316752433777,425.63,384.78,0.430464865000636,0.0347000000000119
"63_4C_13","63_4C","63",249,29.75,0,1,3.61316752433777,425.78,384.37,0.436577599058824,-0.0952999999999835
"63_4C_13","63_4C","63",250,29.875,0,1,3.16227769851685,425.5,384.5,0.308706980808636,0
"63_4C_13","63_4C","63",251,30,0,0,NA,425.5,384.5,0,0
"63_4C_13","63_4C","63",252,30.125,0,1,4.46820449829102,431.88,389.8,8.29423896448614,9.95459999999989
"63_4C_13","63_4C","63",253,30.25,0,1,3.9712381362915,433,390.33,1.23907223356832,0
"63_4C_13","63_4C","63",254,30.375,0,0,NA,433,390.33,0,0
"63_4C_13","63_4C","63",255,30.5,0,1,4.18675136566162,436.67,392.27,4.15120464443758,0
"63_4C_13","63_4C","63",256,30.625,0,1,4.18675136566162,436.67,392.27,0,0
"63_4C_13","63_4C","63",257,30.75,0,0,NA,436.67,392.27,0,0
"63_4C_13","63_4C","63",258,30.875,0,1,3.72684335708618,436.33,392.45,0.384707681233458,0.00420000000000713
"63_4C_13","63_4C","63",259,31,0,1,4.01123428344727,436,391.85,0.684762732630762,-0.139499999999971
"63_4C_13","63_4C","63",260,31.125,0,1,4.01123428344727,436.15,392,0.212132034355932,-0.0224999999999932
"63_4C_13","63_4C","63",261,31.25,0,1,4,436,392,0.149999999999977,0
"63_4C_13","63_4C","63",262,31.375,0,1,4.12310552597046,436,391.5,0.5,0.344999999999999
"63_4C_13","63_4C","63",263,31.5,0,1,3.63458633422852,434.81,390.81,1.37557260804364,-1.68820000000002
"63_4C_13","63_4C","63",264,31.625,0,1,4.64239692687988,435.73,391.67,1.25936491931451,0
"63_4C_13","63_4C","63",265,31.75,0,0,NA,435.73,391.67,0,0
"63_4C_13","63_4C","63",266,31.875,0,0,NA,435.73,391.67,0,0
"63_4C_13","63_4C","63",267,32,0,1,4.32312631607056,435.85,391.75,0.144222051018555,-0.119999999999998
"63_4C_13","63_4C","63",268,32.125,0,1,4.32312631607056,435.25,391.15,0.848528137423889,-0.246000000000024
"63_4C_13","63_4C","63",269,32.25,0,1,3.10949110984802,435.81,391,0.579741321625426,0
"63_4C_13","63_4C","63",270,32.375,0,0,NA,435.81,391,0,0
"63_4C_13","63_4C","63",271,32.5,0,1,3.50364899635315,435.63,391.37,0.411460812228827,1.58149999999999
"63_4C_13","63_4C","63",272,32.625,0,1,3.16227769851685,441.5,398.5,9.23546425470859,21.97
"63_4C_13","63_4C","63",273,32.75,0,1,3.63458633422852,443.19,400.19,2.39002092041053,0
"63_4C_13","63_4C","63",274,32.875,0,0,NA,443.19,400.19,0,0
"63_4C_13","63_4C","63",275,33,0,1,4.27798509597778,445.25,400.73,2.12960090157758,0
"63_4C_13","63_4C","63",276,33.125,0,0,NA,445.25,400.73,0,0
"63_4C_13","63_4C","63",277,33.25,0,1,4.34192895889282,445.16,401,0.284604989415129,-0.0854999999999923
"63_4C_13","63_4C","63",278,33.375,0,1,3.84965634346008,445.21,400.7,0.304138126514915,-0.0324999999999864
"63_4C_13","63_4C","63",279,33.5,0,1,4.0511417388916,444.92,400.76,0.296141857899182,0.086899999999992
"63_4C_13","63_4C","63",280,33.625,0,1,3.9712381362915,444.67,401,0.346554469023275,-0.0809999999999976
"63_4C_13","63_4C","63",281,33.75,0,1,4.30334234237671,444.85,400.85,0.23430749027719,2.42040000000003
"63_4C_13","63_4C","63",282,33.875,0,1,3.72725701332092,456.63,398.85,11.9485731365716,0
"63_4C_13","63_4C","63",283,34,0,0,NA,456.63,398.85,0,0
"63_4C_13","63_4C","63",284,34.125,0,1,4.30334234237671,462.15,396.85,5.87114980221079,0
"63_4C_13","63_4C","63",285,34.25,0,0,NA,462.15,396.85,0,0
"63_4C_13","63_4C","63",286,34.375,0,1,3.85246586799622,464.53,395.21,2.89032870103041,-0.153199999999959
"63_4C_13","63_4C","63",287,34.5,0,1,3.63458633422852,464.19,394.81,0.524976189936234,0
"63_4C_13","63_4C","63",288,34.625,0,1,3.63458633422852,464.19,394.81,0,0
"63_4C_13","63_4C","63",289,34.75,0,0,NA,464.19,394.81,0,0
"63_4C_13","63_4C","63",290,34.875,0,1,4.32312631607056,464.25,394.85,0.072111025509293,-0.00899999999999841
"63_4C_13","63_4C","63",291,35,0,1,4.4721360206604,464,395,0.291547594742253,0.0150000000000011
"63_4C_13","63_4C","63",292,35.125,0,1,4.30334234237671,463.85,394.85,0.212132034355932,-0.161999999999965
"63_4C_13","63_4C","63",293,35.25,0,1,3.57600021362305,464.28,395.5,0.779358710735902,-0.451099999999948
"63_4C_13","63_4C","63",294,35.375,0,1,3.79621624946594,464.41,394.72,0.79075912893875,0.0455000000000127
"63_4C_13","63_4C","63",295,35.5,0,1,3.61316752433777,464.22,394.63,0.210237960416298,-0.0335000000000056
"63_4C_13","63_4C","63",296,35.625,0,1,4.30334234237671,464.15,395.15,0.524690384893785,-0.362499999999995
"63_4C_13","63_4C","63",297,35.75,0,1,3.16227769851685,464.5,394.5,0.738241153011661,3.10950000000001
"63_4C_13","63_4C","63",298,35.875,0,1,4.69213390350342,468.11,391.66,4.59322326912158,21.5122000000001
"63_4C_13","63_4C","63",299,36,0,1,3.79621624946594,471.41,388.28,4.72381201996866,1.98459999999975
"63_4C_13","63_4C","63",300,36.125,0,1,5.19221448898315,471.53,387.81,0.485077313425355,0.207699999999983
"63_4C_13","63_4C","63",301,36.25,0,1,4.59517049789429,471.89,387.46,0.502095608425353,-0.0195000000000032
"63_4C_13","63_4C","63",302,36.375,0,1,4.65836334228516,471.69,387.31,0.249999999999977,0.0214999999999904
"63_4C_13","63_4C","63",303,36.5,0,1,4.33298635482788,471.74,387.1,0.215870331449212,0.0301999999999979
"63_4C_13","63_4C","63",304,36.625,0,1,4.13320636749268,471.63,386.93,0.202484567313187,-0.137600000000013
"63_4C_13","63_4C","63",305,36.75,0,1,4.56155300140381,472,387.5,0.679558680321277,-0.197999999999991
"63_4C_13","63_4C","63",306,36.875,0,1,4.32312631607056,471.85,387.25,0.291547594742253,0
"63_4C_13","63_4C","63",307,37,0,1,4.32312631607056,471.85,387.25,0,0
"63_4C_13","63_4C","63",308,37.125,0,1,4.32312631607056,471.85,387.25,0,0
"63_4C_13","63_4C","63",309,37.25,0,1,4.32312631607056,471.85,387.25,0,0
"63_4C_13","63_4C","63",310,37.375,0,1,3.94565057754517,471.71,386.84,0.433243580448727,-0.0751000000000288
"63_4C_13","63_4C","63",311,37.5,0,1,4.29617643356323,472.1,386.89,0.393192065026794,-0.104500000000015
"63_4C_13","63_4C","63",312,37.625,0,1,4.57052564620972,471.8,387.14,0.390512483795341,0
"63_4C_13","63_4C","63",313,37.75,0,0,NA,471.8,387.14,0,0
"63_4C_13","63_4C","63",314,37.875,0,1,4.69213390350342,471.89,387.34,0.219317121994592,-0.0215999999999897
"63_4C_13","63_4C","63",315,38,0,1,4.32312631607056,471.85,387.25,0.0984885780179234,-0.00850000000000557
"63_4C_13","63_4C","63",316,38.125,0,1,3.16227769851685,471.5,387.5,0.43011626335215,-0.147999999999994
"63_4C_13","63_4C","63",317,38.25,0,1,4.62220525741577,471.78,387.3,0.344093010681676,0.0296000000000138
"63_4C_13","63_4C","63",318,38.375,0,1,4.32312631607056,471.85,387.25,0.0860232526704736,-0.00770000000000191
"63_4C_13","63_4C","63",319,38.5,0,1,4.59517049789429,471.89,387.46,0.213775583264293,-0.0379999999999866
"63_4C_13","63_4C","63",320,38.625,0,1,4.62220525741577,471.78,387.3,0.194164878389457,-0.0297999999999935
"63_4C_13","63_4C","63",321,38.75,0,1,4.60857009887695,471.76,387.5,0.200997512422405,0.00519999999999509
"63_4C_13","63_4C","63",322,38.875,0,1,4.24264049530029,471.5,387.5,0.259999999999991,-0.129999999999995
"63_4C_13","63_4C","63",323,39,0,1,4.34192895889282,472,387.16,0.604648658313225,0.0544000000000045
"63_4C_13","63_4C","63",324,39.125,0,1,4.4721360206604,472,387,0.160000000000025,-0.025600000000008
"63_4C_13","63_4C","63",325,39.25,0,1,4.34192895889282,472,387.16,0.160000000000025,-0.0496000000000081
"63_4C_13","63_4C","63",326,39.375,0,1,4.30334234237671,471.85,386.85,0.344383507154443,-0.194200000000004
"63_4C_13","63_4C","63",327,39.5,0,1,3.72684335708618,471.45,387.67,0.912359578236572,-7.35920000000024
"63_4C_13","63_4C","63",328,39.625,0,1,4.3159761428833,478.86,382.31,9.14536494624466,29.264
"63_4C_13","63_4C","63",329,39.75,0,1,3.16227769851685,481.5,380.5,3.20089050109496,6.33109999999999
"63_4C_13","63_4C","63",330,39.875,0,1,3.10949110984802,483,379.19,1.99150696709803,4.12660000000002
"63_4C_13","63_4C","63",331,40,0,1,4.05183553695679,485,378.33,2.17706224072717,0.551600000000003
"63_4C_13","63_4C","63",332,40.125,0,1,4.27798509597778,485.25,378.27,0.257099202643649,-0.140899999999996
"63_4C_13","63_4C","63",333,40.25,0,1,3.79621624946594,484.72,378.41,0.548178802946614,0.168600000000024
"63_4C_13","63_4C","63",334,40.375,0,1,4.4320182800293,484.46,378.63,0.340587727318545,-0.0390000000000024
"63_4C_13","63_4C","63",335,40.5,0,1,4.24264049530029,484.5,378.5,0.136014705087356,-0.00289999999999075
"63_4C_13","63_4C","63",336,40.625,0,1,3.79621624946594,484.72,378.59,0.23769728648011,-0.0565000000000075
"63_4C_13","63_4C","63",337,40.75,0,1,4.24264049530029,484.5,378.5,0.23769728648011,-0.0565000000000075
"63_4C_13","63_4C","63",338,40.875,0,1,3.79621624946594,484.72,378.59,0.23769728648011,-0.166500000000021
"63_4C_13","63_4C","63",339,41,0,1,3.60555124282837,484,378.5,0.725603197346893,-0.146700000000029
"63_4C_13","63_4C","63",340,41.125,0,1,3.61316752433777,484.22,378.37,0.255538646783634,0.0733000000000054
"63_4C_13","63_4C","63",341,41.25,0,1,3.57600021362305,484.5,378.28,0.294108823397039,0
"63_4C_13","63_4C","63",342,41.375,0,1,3.57600021362305,484.5,378.28,0,0
"63_4C_13","63_4C","63",343,41.5,0,1,3.60555124282837,484,378.5,0.546260011349918,-0.0374000000000081
"63_4C_13","63_4C","63",344,41.625,0,1,3.9712381362915,484,378.33,0.170000000000016,-0.0289000000000054
"63_4C_13","63_4C","63",345,41.75,0,1,4.24264049530029,484.5,378.5,0.528109837060441,-0.00209999999999106
"63_4C_13","63_4C","63",346,41.875,0,1,4.4320182800293,484.54,378.37,0.136014705087356,-0.0185000000000005
"63_4C_13","63_4C","63",347,42,0,1,4.24264049530029,484.5,378.5,0.136014705087356,0
"63_4C_13","63_4C","63",348,42.125,0,1,4.24264049530029,484.5,378.5,0,0
"63_4C_13","63_4C","63",349,42.25,0,1,4.24264049530029,484.5,378.5,0,0
"63_4C_13","63_4C","63",350,42.375,0,1,4.24264049530029,484.5,378.5,0,0
"63_4C_13","63_4C","63",351,42.5,0,1,4.24264049530029,484.5,378.5,0,0
"63_4C_13","63_4C","63",352,42.625,0,1,4.24264049530029,484.5,378.5,0,0
"63_4C_13","63_4C","63",353,42.75,0,1,4.24264049530029,484.5,378.5,0,0
"63_4C_13","63_4C","63",354,42.875,0,1,3.79621624946594,484.72,378.59,0.23769728648011,-0.113000000000015
"63_4C_13","63_4C","63",355,43,0,1,3.79621624946594,484.28,378.41,0.47539457296022,0.0335999999999809
"63_4C_13","63_4C","63",356,43.125,0,1,3.61316752433777,484.22,378.37,0.0721110255092457,-0.0219999999999856
"63_4C_13","63_4C","63",357,43.25,0,1,4.24264049530029,484.5,378.5,0.308706980808636,0
"63_4C_13","63_4C","63",358,43.375,0,1,4.24264049530029,484.5,378.5,0,0
"63_4C_13","63_4C","63",359,43.5,0,1,4.24264049530029,484.5,378.5,0,0
"63_4C_13","63_4C","63",360,43.625,0,1,3.79621624946594,484.28,378.41,0.23769728648011,0
"63_4C_13","63_4C","63",361,43.75,0,1,3.79621624946594,484.28,378.41,0,0
"63_4C_13","63_4C","63",362,43.875,0,1,3.57600021362305,484.5,378.28,0.255538646783663,-0.116500000000018
"63_4C_13","63_4C","63",363,44,0,1,3.9712381362915,484,378.33,0.502493781056046,-0.241499999999997
"63_4C_13","63_4C","63",364,44.125,0,1,4.24264049530029,484.5,378.5,0.528109837060441,0.25
"63_4C_13","63_4C","63",365,44.25,0,1,3.60555124282837,485,378.5,0.5,-0.360000000000014
"63_4C_13","63_4C","63",366,44.375,0,1,3.79621624946594,484.28,378.41,0.725603197346893,0.20879999999999
"63_4C_13","63_4C","63",367,44.5,0,1,3.9712381362915,484,378.33,0.291204395571206,-0.221599999999974
"63_4C_13","63_4C","63",368,44.625,0,1,3.61316752433777,484.78,378.37,0.781024967590639,-0.609999999999959
"63_4C_13","63_4C","63",369,44.75,0,1,3.9712381362915,484,378.33,0.781024967590639,-0.00680000000000412
"63_4C_13","63_4C","63",370,44.875,0,2,3.60555124282837,484,378.5,0.170000000000016,-0.362100000000033
"63_4C_13","63_4C","63",371,45,0,1,3.61316752433777,488.78,376.37,5.23309659761787,23.1475366088867
"63_4C_13","63_4C","63",372,45.125,0,2,3.72725701332092,492.633331298828,374.149993896484,4.44708772098947,0
"63_4C_13","63_4C","63",373,45.25,0,0,NA,492.633331298828,374.149993896484,0,0
"63_4C_13","63_4C","63",374,45.375,0,1,4.30334234237671,496.85,370.15,5.81207760679046,-2.87583190917989
"63_4C_13","63_4C","63",375,45.5,0,1,3.16227769851685,496.5,370.5,0.494974746830615,-0.297500000000027
"63_4C_13","63_4C","63",376,45.625,0,1,3.61316752433777,497.22,370.37,0.73164198895364,0
"63_4C_13","63_4C","63",377,45.75,0,0,NA,497.22,370.37,0,0
"63_4C_13","63_4C","63",378,45.875,0,0,NA,497.22,370.37,0,0
"63_4C_13","63_4C","63",379,46,0,1,3.16227769851685,497.5,369.5,0.913947482079792,0
"63_4C_13","63_4C","63",380,46.125,0,0,NA,497.5,369.5,0,0
"63_4C_13","63_4C","63",381,46.25,0,1,3.61316752433777,497.63,369.22,0.308706980808636,0
"63_4C_13","63_4C","63",382,46.375,0,0,NA,497.63,369.22,0,0
"63_4C_13","63_4C","63",383,46.5,0,0,NA,497.63,369.22,0,0
"63_4C_13","63_4C","63",384,46.625,0,1,3.60555124282837,497.5,369,0.255538646783634,0
"63_4C_13","63_4C","63",385,46.75,0,0,NA,497.5,369,0,0
"63_4C_13","63_4C","63",386,46.875,0,1,3.16227769851685,498.5,368.5,1.11803398874989,0
"63_4C_13","63_4C","63",387,47,0,0,NA,498.5,368.5,0,0
"63_4C_13","63_4C","63",388,47.125,0,0,NA,498.5,368.5,0,0
"63_4C_13","63_4C","63",389,47.25,0,0,NA,498.5,368.5,0,0
"63_4C_13","63_4C","63",390,47.375,0,1,3.10949110984802,500.19,366,3.01763152157449,3.0239
"63_4C_13","63_4C","63",391,47.5,0,1,3.30277562141418,500.5,365,1.04694794521982,0
"63_4C_13","63_4C","63",392,47.625,0,0,NA,500.5,365,0,0
"63_4C_13","63_4C","63",393,47.75,0,1,3.59460496902466,500.78,364.78,0.356089876295292,-0.263800000000001
"63_4C_13","63_4C","63",394,47.875,0,1,4.18675136566162,500.27,365.33,0.750066663703969,0
"63_4C_13","63_4C","63",395,48,0,0,NA,500.27,365.33,0,0
"63_4C_13","63_4C","63",396,48.125,0,1,4.13320636749268,500.63,364.93,0.538144961882941,-0.0747999999999958
"63_4C_13","63_4C","63",397,48.25,0,1,3.60555124282837,500.5,365,0.147648230602327,0
"63_4C_13","63_4C","63",398,48.375,0,0,NA,500.5,365,0,0
"63_4C_13","63_4C","63",399,48.5,0,0,NA,500.5,365,0,0
"63_4C_13","63_4C","63",400,48.625,0,1,3.61316752433777,500.63,365.22,0.255538646783634,-1.72330000000023
"63_4C_13","63_4C","63",401,48.75,0,1,3.79097533226013,501.42,356.92,8.33751161918232,30.2242000000003
"63_4C_13","63_4C","63",402,48.875,0,1,3.84965634346008,500.7,353.21,3.77921949613942,2.61969999999992
"63_4C_13","63_4C","63",403,49,0,1,3.57600021362305,500.72,352.5,0.710281634283171,0.551199999999959
"63_4C_13","63_4C","63",404,49.125,0,1,3.79621624946594,500.59,351.72,0.79075912893875,-0.20669999999997
"63_4C_13","63_4C","63",405,49.25,0,1,3.60555124282837,500.5,352,0.294108823397021,-0.0864999999999802
"63_4C_13","63_4C","63",406,49.375,0,1,3.79621624946594,500.59,351.72,0.294108823397021,-0.0864999999999802
"63_4C_13","63_4C","63",407,49.5,0,1,3.60555124282837,500.5,352,0.294108823397021,0.139999999999986
"63_4C_13","63_4C","63",408,49.625,0,1,3.16227769851685,500.5,352.5,0.5,-0.110000000000014
"63_4C_13","63_4C","63",409,49.75,0,1,3.79621624946594,500.59,352.28,0.23769728648011,-0.016199999999991
"63_4C_13","63_4C","63",410,49.875,0,1,3.79621624946594,500.41,352.28,0.17999999999995,-0.032399999999982
"63_4C_13","63_4C","63",411,50,0,1,3.79621624946594,500.59,351.72,0.588217646794042,-0.345999999999921
"63_4C_13","63_4C","63",412,50.125,0,1,3.79621624946594,500.41,352.28,0.588217646794042,0.107000000000012
"63_4C_13","63_4C","63",413,50.25,0,1,4.24264049530029,500.5,352.5,0.23769728648011,-0.170100000000022
"63_4C_13","63_4C","63",414,50.375,0,1,3.61316752433777,500.37,351.78,0.73164198895364,-0.175300000000024
"63_4C_13","63_4C","63",415,50.5,0,1,3.60555124282837,500.5,352,0.255538646783634,0
"63_4C_13","63_4C","63",416,50.625,0,1,3.79621624946594,500.5,352,0,0
"63_4C_13","63_4C","63",417,50.75,0,1,3.65028142929077,500.5,352,0,0
"63_4C_13","63_4C","63",418,50.875,0,0,NA,500.5,352,0,0
"63_4C_13","63_4C","63",419,51,0,0,NA,500.5,352,0,0
"63_4C_13","63_4C","63",420,51.125,0,0,NA,500.5,352,0,0
"63_4C_13","63_4C","63",421,51.25,0,0,NA,500.5,352,0,0
"63_4C_13","63_4C","63",422,51.375,0,0,NA,500.5,352,0,0
"63_4C_13","63_4C","63",423,51.5,0,0,NA,500.5,352,0,0
"63_4C_13","63_4C","63",424,51.625,0,0,NA,500.5,352,0,0
"63_4C_13","63_4C","63",425,51.75,0,1,3.60555124282837,500.5,352,0,0
"63_4C_13","63_4C","63",426,51.875,0,2,3.61316752433777,491.62744140625,333.784301757812,20.2616376053358,0
"63_4C_13","63_4C","63",427,52,0,0,NA,491.62744140625,333.784301757812,0,0
"63_4C_13","63_4C","63",428,52.125,0,1,3.61316752433777,491.63,333.78,0.0050051495737046,-2.50515222551553e-05
"63_4C_13","63_4C","63",429,52.25,0,2,3.61316752433777,491.62744140625,333.784301757812,0.0050051495737046,-0.00217256128789046
"63_4C_13","63_4C","63",430,52.375,0,1,3.61316752433777,491.78,333.37,0.441497532330015,0
"63_4C_13","63_4C","63",431,52.5,0,2,3.65028142929077,491.78,333.37,0,0
"63_4C_13","63_4C","63",432,52.625,0,1,4.12310552597046,491.78,333.37,0,0
"63_4C_13","63_4C","63",433,52.75,0,1,3.9712381362915,474.33,319,22.6052958396921,140.7385
"63_4C_13","63_4C","63",434,52.875,0,1,3.16227769851685,467.5,317.5,6.99277484265007,10.995
"63_4C_13","63_4C","63",435,53,0,1,3.41421365737915,466,317,1.58113883008419,-0.379999999999995
"63_4C_13","63_4C","63",436,53.125,0,1,3.63458633422852,466.19,317.19,0.268700576850885,0
"63_4C_13","63_4C","63",437,53.25,0,0,NA,466.19,317.19,0,0
"63_4C_13","63_4C","63",438,53.375,0,1,3.61316752433777,465.78,316.63,0.694046107978442,0.558099999999973
"63_4C_13","63_4C","63",439,53.5,0,1,4.18675136566162,465.73,315.67,0.961301201497198,-1.11739999999994
"63_4C_13","63_4C","63",440,53.625,0,1,3.63458633422852,466.19,316.81,1.22930874885032,0
"63_4C_13","63_4C","63",441,53.75,0,0,NA,466.19,316.81,0,0
"63_4C_13","63_4C","63",442,53.875,0,1,3.63458633422852,466.19,316.81,0,0
"63_4C_13","63_4C","63",443,54,0,1,3.61316752433777,466.22,316.63,0.182482875908958,-0.0224999999999932
"63_4C_13","63_4C","63",444,54.125,0,1,3.61316752433777,466.37,316.78,0.212132034355932,-0.247499999999959
"63_4C_13","63_4C","63",445,54.25,0,1,3.60555124282837,465.5,316,1.16846052564901,0
"63_4C_13","63_4C","63",446,54.375,0,0,NA,465.5,316,0,0
"63_4C_13","63_4C","63",447,54.5,0,0,NA,465.5,316,0,0
"63_4C_13","63_4C","63",448,54.625,0,1,3.41421365737915,466,317,1.11803398874989,-0.189999999999998
"63_4C_13","63_4C","63",449,54.75,0,1,3.10949110984802,466,316.81,0.189999999999998,0
"63_4C_13","63_4C","63",450,54.875,0,0,NA,466,316.81,0,0
"63_4C_13","63_4C","63",451,55,0,1,3.61316752433777,466.63,316.78,0.630713881248856,-0.195600000000013
"63_4C_13","63_4C","63",452,55.125,0,1,3.9712381362915,466.33,317,0.372021504754791,0.098999999999999
"63_4C_13","63_4C","63",453,55.25,0,1,3.41421365737915,466,317,0.329999999999984,0
"63_4C_13","63_4C","63",454,55.375,0,0,NA,466,317,0,0
"63_4C_13","63_4C","63",455,55.5,0,1,3.83653593063354,466.14,316.55,0.471274866717912,0
"63_4C_13","63_4C","63",456,55.625,0,0,NA,466.14,316.55,0,0
"63_4C_13","63_4C","63",457,55.75,0,1,4.85450744628906,465.62,316.53,0.520384473250291,0
"63_4C_13","63_4C","63",458,55.875,0,0,NA,465.62,316.53,0,0
"63_4C_13","63_4C","63",459,56,0,1,4.18675136566162,466.27,316.33,0.680073525436747,0
"63_4C_13","63_4C","63",460,56.125,0,0,NA,466.27,316.33,0,0
"63_4C_13","63_4C","63",461,56.25,0,1,3.41421365737915,466,317,0.722357252334336,3.8502999999999
"63_4C_13","63_4C","63",462,56.375,0,1,3.79621624946594,457.72,319.41,8.62360133586889,72.4184999999999
"63_4C_13","63_4C","63",463,56.5,0,1,3.60555124282837,449,319.5,8.72046443717309,37.7126
"63_4C_13","63_4C","63",464,56.625,0,1,3.9712381362915,444.67,319,4.35877276306071,11.5611
"63_4C_13","63_4C","63",465,56.75,0,1,3.41421365737915,442,319,2.67000000000002,0
"63_4C_13","63_4C","63",466,56.875,0,0,NA,442,319,0,0
"63_4C_13","63_4C","63",467,57,0,1,3.63458633422852,439.19,320.81,3.34248410617014,1.41169999999998
"63_4C_13","63_4C","63",468,57.125,0,1,3.10949110984802,438.81,321,0.424852915724955,0
"63_4C_13","63_4C","63",469,57.25,0,0,NA,438.81,321,0,0
"63_4C_13","63_4C","63",470,57.375,0,1,3.63458633422852,439.19,320.81,0.424852915724955,-0.169100000000006
"63_4C_13","63_4C","63",471,57.5,0,1,4.34192895889282,438.84,321,0.398246155034816,0.0258999999999984
"63_4C_13","63_4C","63",472,57.625,0,1,4.3159761428833,438.69,320.86,0.205182845286806,-0.0198999999999962
"63_4C_13","63_4C","63",473,57.75,0,1,3.9712381362915,439,320.67,0.363593179253958,-0.349899999999998
"63_4C_13","63_4C","63",474,57.875,0,1,3.63458633422852,438.19,321.19,0.962548700066643,0
"63_4C_13","63_4C","63",475,58,0,0,NA,438.19,321.19,0,0
"63_4C_13","63_4C","63",476,58.125,0,0,NA,438.19,321.19,0,0
"63_4C_13","63_4C","63",477,58.25,0,1,5.07377624511719,438.05,320.88,0.340147027033895,0
"63_4C_13","63_4C","63",478,58.375,0,0,NA,438.05,320.88,0,0
"63_4C_13","63_4C","63",479,58.5,0,1,4.54521751403809,441.43,327.77,7.67440551443562,5.93970000000011
"63_4C_13","63_4C","63",480,58.625,0,1,5.29745101928711,440.68,329,1.44062486442517,4.20600000000005
"63_4C_13","63_4C","63",481,58.75,0,1,5.08329725265503,439.09,331.45,2.92071908953943,0.866099999999953
"63_4C_13","63_4C","63",482,58.875,0,1,4.73271036148071,439.1,331.81,0.360138862107397,-0.0634999999999988
"63_4C_13","63_4C","63",483,59,0,1,5.3108286857605,439.23,331.63,0.222036033111748,-0.00650000000000125
"63_4C_13","63_4C","63",484,59.125,0,1,5,439,331.5,0.264196896272472,-0.0566999999999981
"63_4C_13","63_4C","63",485,59.25,0,1,5.5619044303894,438.93,332.06,0.5643580423809,0
"63_4C_13","63_4C","63",486,59.375,0,0,NA,438.93,332.06,0,0
"63_4C_13","63_4C","63",487,59.5,0,1,5.46598768234253,437.52,337.1,5.23351698191572,-1.15560000000026
"63_4C_13","63_4C","63",488,59.625,1,1,5.02554798126221,437.16,336.77,0.488364617882987,0
"63_4C_13","63_4C","63",489,59.75,1,0,NA,437.16,336.77,0,0
"63_4C_13","63_4C","63",490,59.875,1,2,4.82044458389282,437.192993164062,337,0.23235436056778,18.143760914017
"63_4C_13","63_4C","63",491,60,1,11,3.60555124282837,443.09,415.04,78.2624832830079,0
"63_4C_13","63_4C","63",492,60.125,1,0,NA,443.09,415.04,0,0
"63_4C_13","63_4C","63",493,60.25,1,0,NA,443.09,415.04,0,0
"63_4C_13","63_4C","63",494,60.375,1,0,NA,443.09,415.04,0,0
"63_4C_13","63_4C","63",495,60.5,1,0,NA,443.09,415.04,0,0
"63_4C_13","63_4C","63",496,60.625,0,0,NA,443.09,415.04,0,0
"63_4C_13","63_4C","63",497,60.75,0,0,NA,443.09,415.04,0,0
"63_4C_13","63_4C","63",498,60.875,0,0,NA,443.09,415.04,0,0
"63_4C_13","63_4C","63",499,61,0,0,NA,443.09,415.04,0,0
"63_4C_13","63_4C","63",500,61.125,0,0,NA,443.09,415.04,0,0
"63_4C_13","63_4C","63",501,61.25,0,0,NA,443.09,415.04,0,0
"63_4C_13","63_4C","63",502,61.375,0,0,NA,443.09,415.04,0,0
"63_4C_13","63_4C","63",503,61.5,0,0,NA,443.09,415.04,0,0
"63_4C_13","63_4C","63",504,61.625,0,0,NA,443.09,415.04,0,0
"63_4C_13","63_4C","63",505,61.75,0,0,NA,443.09,415.04,0,0
"63_4C_13","63_4C","63",506,61.875,0,0,NA,443.09,415.04,0,0
"63_4C_13","63_4C","63",507,62,0,0,NA,443.09,415.04,0,0
"63_4C_13","63_4C","63",508,62.125,0,0,NA,443.09,415.04,0,0
"63_4C_13","63_4C","63",509,62.25,0,0,NA,443.09,415.04,0,0
"63_4C_13","63_4C","63",510,62.375,0,0,NA,443.09,415.04,0,0
"63_4C_13","63_4C","63",511,62.5,0,0,NA,443.09,415.04,0,0
"63_4C_13","63_4C","63",512,62.625,0,0,NA,443.09,415.04,0,0
"63_4C_13","63_4C","63",513,62.75,0,0,NA,443.09,415.04,0,0
"63_4C_13","63_4C","63",514,62.875,0,0,NA,443.09,415.04,0,0
"63_4C_13","63_4C","63",515,63,0,0,NA,443.09,415.04,0,0
"63_4C_13","63_4C","63",516,63.125,0,0,NA,443.09,415.04,0,0
"63_4C_13","63_4C","63",517,63.25,0,0,NA,443.09,415.04,0,0
"63_4C_13","63_4C","63",518,63.375,0,0,NA,443.09,415.04,0,0
"63_4C_13","63_4C","63",519,63.5,0,0,NA,443.09,415.04,0,0
"63_4C_13","63_4C","63",520,63.625,0,0,NA,443.09,415.04,0,0
"63_4C_13","63_4C","63",521,63.75,0,0,NA,443.09,415.04,0,0
"63_4C_13","63_4C","63",522,63.875,0,0,NA,443.09,415.04,0,0
"63_4C_13","63_4C","63",523,64,0,0,NA,443.09,415.04,0,0
"63_4C_13","63_4C","63",524,64.125,0,0,NA,443.09,415.04,0,0
"63_4C_13","63_4C","63",525,64.25,0,0,NA,443.09,415.04,0,0
"63_4C_13","63_4C","63",526,64.375,0,0,NA,443.09,415.04,0,0
"63_4C_13","63_4C","63",527,64.5,0,0,NA,443.09,415.04,0,0
"63_4C_13","63_4C","63",528,64.625,0,0,NA,443.09,415.04,0,0
"63_4C_13","63_4C","63",529,64.75,0,0,NA,443.09,415.04,0,0
"63_4C_13","63_4C","63",530,64.875,0,0,NA,443.09,415.04,0,0
"63_4C_13","63_4C","63",531,65,0,0,NA,443.09,415.04,0,0
"63_4C_13","63_4C","63",532,65.125,0,0,NA,443.09,415.04,0,0
"63_4C_13","63_4C","63",533,65.25,0,0,NA,443.09,415.04,0,0
"63_4C_13","63_4C","63",534,65.375,0,0,NA,443.09,415.04,0,0
"63_4C_13","63_4C","63",535,65.5,0,0,NA,443.09,415.04,0,0
"63_4C_13","63_4C","63",536,65.625,0,0,NA,443.09,415.04,0,0
"63_4C_13","63_4C","63",537,65.75,0,0,NA,443.09,415.04,0,0
"63_4C_13","63_4C","63",538,65.875,0,0,NA,443.09,415.04,0,0
"63_4C_13","63_4C","63",539,66,0,0,NA,443.09,415.04,0,0
"63_4C_13","63_4C","63",540,66.125,0,0,NA,443.09,415.04,0,0
"63_4C_13","63_4C","63",541,66.25,0,0,NA,443.09,415.04,0,0
"63_4C_13","63_4C","63",542,66.375,0,0,NA,443.09,415.04,0,0
"63_4C_13","63_4C","63",543,66.5,0,1,3.60555124282837,443.09,415.04,0,0
"63_4C_13","63_4C","63",544,66.625,0,1,3.16227769851685,496.5,366.5,72.1717375431685,24.27
"63_4C_13","63_4C","63",545,66.75,0,1,4.12310552597046,496.5,366,0.5,0
"63_4C_13","63_4C","63",546,66.875,0,1,4.34192895889282,496.16,366,0.339999999999975,0
"63_4C_13","63_4C","63",547,67,0,0,NA,496.16,366,0,0
"63_4C_13","63_4C","63",548,67.125,0,0,NA,496.16,366,0,0
"63_4C_13","63_4C","63",549,67.25,0,0,NA,496.16,366,0,0
"63_4C_13","63_4C","63",550,67.375,0,0,NA,496.16,366,0,0
"63_4C_13","63_4C","63",551,67.5,0,1,3.57600021362305,496.28,357.5,8.50084701662134,-2.64580000000001
"63_4C_13","63_4C","63",552,67.625,0,1,3.63458633422852,496.19,357.81,0.322800247831375,0.0588999999999997
"63_4C_13","63_4C","63",553,67.75,0,1,3.10949110984802,496.19,358,0.189999999999998,0
"63_4C_13","63_4C","63",554,67.875,0,1,3.10949110984802,496.19,358,0,0
"63_4C_13","63_4C","63",555,68,0,0,NA,496.19,358,0,0
"63_4C_13","63_4C","63",556,68.125,0,1,3.10949110984802,496.19,358,0,0
"63_4C_13","63_4C","63",557,68.25,0,0,NA,496.19,358,0,0
"63_4C_13","63_4C","63",558,68.375,0,1,3.16227769851685,496.5,357.5,0.58830264320331,-0.180299999999985
"63_4C_13","63_4C","63",559,68.5,0,1,3.61316752433777,496.37,357.78,0.308706980808636,0.0850000000000017
"63_4C_13","63_4C","63",560,68.625,0,1,3.10949110984802,496.19,358,0.284253408071063,0
"63_4C_13","63_4C","63",561,68.75,0,0,NA,496.19,358,0,0
"63_4C_13","63_4C","63",562,68.875,0,0,NA,496.19,358,0,0
"63_4C_13","63_4C","63",563,69,0,1,3.10949110984802,496.19,358,0,0
"63_4C_13","63_4C","63",564,69.125,0,1,3.57600021362305,496.28,357.5,0.508035431835217,0
"63_4C_13","63_4C","63",565,69.25,0,0,NA,496.28,357.5,0,0
"63_4C_13","63_4C","63",566,69.375,0,0,NA,496.28,357.5,0,0
"63_4C_13","63_4C","63",567,69.5,0,0,NA,496.28,357.5,0,0
"63_4C_13","63_4C","63",568,69.625,0,1,3.57600021362305,496.28,357.5,0,0
"63_4C_13","63_4C","63",569,69.75,0,0,NA,496.28,357.5,0,0
"63_4C_13","63_4C","63",570,69.875,0,0,NA,496.28,357.5,0,0
"63_4C_13","63_4C","63",571,70,0,0,NA,496.28,357.5,0,0
"63_4C_13","63_4C","63",572,70.125,0,0,NA,496.28,357.5,0,0
"63_4C_13","63_4C","63",573,70.25,0,1,3.10949110984802,496.19,358,0.508035431835217,0
"63_4C_13","63_4C","63",574,70.375,0,0,NA,496.19,358,0,0
"63_4C_13","63_4C","63",575,70.5,0,1,3.10949110984802,496.19,358,0,0
"63_4C_13","63_4C","63",576,70.625,0,1,3.61316752433777,496.37,357.78,0.284253408071063,0
"63_4C_13","63_4C","63",577,70.75,0,0,NA,496.37,357.78,0,0
"63_4C_13","63_4C","63",578,70.875,0,0,NA,496.37,357.78,0,0
"63_4C_13","63_4C","63",579,71,0,1,3.10949110984802,496.19,358,0.284253408071063,0
"63_4C_13","63_4C","63",580,71.125,0,0,NA,496.19,358,0,0
"63_4C_13","63_4C","63",581,71.25,0,0,NA,496.19,358,0,0
"63_4C_13","63_4C","63",582,71.375,0,0,NA,496.19,358,0,0
"63_4C_13","63_4C","63",583,71.5,0,0,NA,496.19,358,0,0
"63_4C_13","63_4C","63",584,71.625,0,0,NA,496.19,358,0,0
"63_4C_13","63_4C","63",585,71.75,0,0,NA,496.19,358,0,0
"63_4C_13","63_4C","63",586,71.875,0,1,4.27798509597778,495.27,343.75,14.2796673630726,3.35089999999998
"63_4C_13","63_4C","63",587,72,0,1,3.16227769851685,495.5,343.5,0.339705755029273,0
"63_4C_13","63_4C","63",588,72.125,0,1,3.16227769851685,495.5,343.5,0,0
"63_4C_13","63_4C","63",589,72.25,0,1,3.16227769851685,495.5,343.5,0,0
"63_4C_13","63_4C","63",590,72.375,0,1,3.61316752433777,495.37,343.22,0.308706980808636,-0.156799999999969
"63_4C_13","63_4C","63",591,72.5,0,1,3.61316752433777,495.37,343.78,0.559999999999945,0
"63_4C_13","63_4C","63",592,72.625,0,1,3.61316752433777,495.37,343.78,0,0
"63_4C_13","63_4C","63",593,72.75,0,1,4.12310552597046,495,343.5,0.464004310324794,-0.103599999999991
"63_4C_13","63_4C","63",594,72.875,0,1,3.57600021362305,495.28,343.5,0.279999999999973,0.0616000000000016
"63_4C_13","63_4C","63",595,73,0,1,3.16227769851685,495.5,343.5,0.220000000000027,-0.0770000000000146
"63_4C_13","63_4C","63",596,73.125,0,1,3.72725701332092,495.15,343.37,0.373363094051909,-0.0575000000000182
"63_4C_13","63_4C","63",597,73.25,0,1,3.61316752433777,495.37,343.22,0.266270539113897,-0.156599999999985
"63_4C_13","63_4C","63",598,73.375,0,1,3.10949110984802,495.19,344,0.800499843847555,-0.445799999999989
"63_4C_13","63_4C","63",599,73.5,0,1,3.16227769851685,495.5,343.5,0.58830264320331,2.57209999999997
"63_4C_13","63_4C","63",600,73.625,0,1,3.79621624946594,486.41,332.72,14.1009396849997,29.2893000000003
"63_4C_13","63_4C","63",601,73.75,0,1,4.3159761428833,484.86,331.31,2.0953758612717,8.39770000000015
"63_4C_13","63_4C","63",602,73.875,0,1,3.63458633422852,483.19,327.19,4.44559332373083,11.1557999999999
"63_4C_13","63_4C","63",603,74,0,1,3.61316752433777,481.37,325.22,2.6820328111341,-1.18859999999998
"63_4C_13","63_4C","63",604,74.125,0,1,3.57600021362305,481.72,325.5,0.4482186966203,0
"63_4C_13","63_4C","63",605,74.25,0,0,NA,481.72,325.5,0,0
"63_4C_13","63_4C","63",606,74.375,0,1,3.61316752433777,481.37,325.22,0.4482186966203,-0.0910000000000027
"63_4C_13","63_4C","63",607,74.5,0,1,3.61316752433777,481.63,325.22,0.259999999999991,-0.327599999999986
"63_4C_13","63_4C","63",608,74.625,0,1,3.61316752433777,480.37,325.22,1.25999999999999,3.37679999999998
"63_4C_13","63_4C","63",609,74.75,0,1,4.3159761428833,477.69,323.14,3.39246223265642,3.02479999999994
"63_4C_13","63_4C","63",610,74.875,0,1,3.9712381362915,476.67,323,1.02956301409868,0.346800000000026
"63_4C_13","63_4C","63",611,75,0,1,3.9712381362915,476.33,323,0.340000000000032,0.0475999999999998
"63_4C_13","63_4C","63",612,75.125,0,1,3.63458633422852,476.19,322.81,0.236008474424109,-0.149499999999988
"63_4C_13","63_4C","63",613,75.25,0,1,4.4721360206604,477,323,0.831985576798061,-0.351800000000007
"63_4C_13","63_4C","63",614,75.375,0,1,3.57600021362305,476.5,323.28,0.573061951275763,-0.0783999999999847
"63_4C_13","63_4C","63",615,75.5,0,1,4.12310552597046,476.5,323,0.279999999999973,-0.0531999999999942
"63_4C_13","63_4C","63",616,75.625,0,1,3.63458633422852,476.81,323.19,0.363593179253958,0
"63_4C_13","63_4C","63",617,75.75,0,1,3.63458633422852,476.81,323.19,0,0
"63_4C_13","63_4C","63",618,75.875,0,1,3.63458633422852,477.19,322.81,0.53740115370177,-0.209000000000002
"63_4C_13","63_4C","63",619,76,0,1,4.3159761428833,476.69,322.86,0.502493781056046,0.187000000000008
"63_4C_13","63_4C","63",620,76.125,0,1,3.9712381362915,476.33,323,0.386264158316567,-0.19940000000001
"63_4C_13","63_4C","63",621,76.25,0,1,3.63458633422852,476.81,322.81,0.516236379965628,-0.080700000000001
"63_4C_13","63_4C","63",622,76.375,0,1,3.61316752433777,476.63,322.78,0.182482875908958,-0.0138000000000113
"63_4C_13","63_4C","63",623,76.5,0,1,3.9712381362915,476.67,323,0.223606797750009,-0.00680000000000412
"63_4C_13","63_4C","63",624,76.625,0,1,4.12310552597046,476.5,323,0.170000000000016,0
"63_4C_13","63_4C","63",625,76.75,0,1,4.12310552597046,476.5,323,0,0
"63_4C_13","63_4C","63",626,76.875,0,1,3.9712381362915,476.33,323,0.170000000000016,0
"63_4C_13","63_4C","63",627,77,0,0,NA,476.33,323,0,0
"63_4C_13","63_4C","63",628,77.125,0,0,NA,476.33,323,0,0
"63_4C_13","63_4C","63",629,77.25,0,1,4.3159761428833,463.31,317.14,14.2779550356485,0
"63_4C_13","63_4C","63",630,77.375,0,0,NA,463.31,317.14,0,0
"63_4C_13","63_4C","63",631,77.5,0,0,NA,463.31,317.14,0,0
"63_4C_13","63_4C","63",632,77.625,0,1,3.61316752433777,454.78,314.63,8.89162527325575,9.33279999999979
"63_4C_13","63_4C","63",633,77.75,0,1,4.30345630645752,453.68,314.65,1.10018180315797,0
"63_4C_13","63_4C","63",634,77.875,0,0,NA,453.68,314.65,0,0
"63_4C_13","63_4C","63",635,78,0,1,3.71467113494873,453.28,314.29,0.538144961882945,0
"63_4C_13","63_4C","63",636,78.125,0,0,NA,453.28,314.29,0,0
"63_4C_13","63_4C","63",637,78.25,0,1,3.10949110984802,454,314.81,0.888144132446992,0
"63_4C_13","63_4C","63",638,78.375,0,0,NA,454,314.81,0,0
"63_4C_13","63_4C","63",639,78.5,0,0,NA,454,314.81,0,0
"63_4C_13","63_4C","63",640,78.625,0,1,3.10949110984802,454,314.81,0,0
"63_4C_13","63_4C","63",641,78.75,0,0,NA,454,314.81,0,0
"63_4C_13","63_4C","63",642,78.875,0,1,4.18675136566162,453.33,314.73,0.674759216313508,-0.455300000000019
"63_4C_13","63_4C","63",643,79,0,1,3.10949110984802,454,314.81,0.674759216313508,0
"63_4C_13","63_4C","63",644,79.125,0,1,3.10949110984802,454,314.81,0,0
"63_4C_13","63_4C","63",645,79.25,0,0,NA,454,314.81,0,0
"63_4C_13","63_4C","63",646,79.375,0,0,NA,454,314.81,0,0
"63_4C_13","63_4C","63",647,79.5,0,0,NA,454,314.81,0,0
"63_4C_13","63_4C","63",648,79.625,0,0,NA,454,314.81,0,0
"63_4C_13","63_4C","63",649,79.75,0,1,3.57600021362305,453.5,314.72,0.508035431835217,-0.258099999999995
"63_4C_13","63_4C","63",650,79.875,0,1,3.10949110984802,454,314.81,0.508035431835217,0
"63_4C_13","63_4C","63",651,80,0,1,3.10949110984802,454,314.81,0,0
"63_4C_13","63_4C","63",652,80.125,0,1,3.10949110984802,454,314.81,0,0
"63_4C_13","63_4C","63",653,80.25,0,0,NA,454,314.81,0,0
"63_4C_13","63_4C","63",654,80.375,0,0,NA,454,314.81,0,0
"63_4C_13","63_4C","63",655,80.5,0,1,3.61316752433777,453.78,314.63,0.284253408071063,0
"63_4C_13","63_4C","63",656,80.625,0,0,NA,453.78,314.63,0,0
"63_4C_13","63_4C","63",657,80.75,0,1,3.10949110984802,454,314.81,0.284253408071063,0
"63_4C_13","63_4C","63",658,80.875,0,0,NA,454,314.81,0,0
"63_4C_13","63_4C","63",659,81,0,0,NA,454,314.81,0,0
"63_4C_13","63_4C","63",660,81.125,0,1,3.41421365737915,454,315,0.189999999999998,-0.0360999999999991
"63_4C_13","63_4C","63",661,81.25,0,1,3.10949110984802,454,314.81,0.189999999999998,0
"63_4C_13","63_4C","63",662,81.375,0,0,NA,454,314.81,0,0
"63_4C_13","63_4C","63",663,81.5,0,0,NA,454,314.81,0,0
"63_4C_13","63_4C","63",664,81.625,0,0,NA,454,314.81,0,0
"63_4C_13","63_4C","63",665,81.75,0,0,NA,454,314.81,0,0
"63_4C_13","63_4C","63",666,81.875,0,0,NA,454,314.81,0,0
"63_4C_13","63_4C","63",667,82,0,0,NA,454,314.81,0,0
"63_4C_13","63_4C","63",668,82.125,0,1,3.10949110984802,454,314.81,0,0
"63_4C_13","63_4C","63",669,82.25,0,0,NA,454,314.81,0,0
"63_4C_13","63_4C","63",670,82.375,0,1,3.10949110984802,454,314.81,0,0
"63_4C_13","63_4C","63",671,82.5,0,0,NA,454,314.81,0,0
"63_4C_13","63_4C","63",672,82.625,0,1,3.41421365737915,454,315,0.189999999999998,0.85499999999999
"63_4C_13","63_4C","63",673,82.75,0,1,4.24264049530029,449.5,319.5,6.36396103067893,0
"63_4C_13","63_4C","63",674,82.875,0,0,NA,449.5,319.5,0,0
"63_4C_13","63_4C","63",675,83,0,1,4.12310552597046,437.5,321,12.0933866224478,83.28
"63_4C_13","63_4C","63",676,83.125,0,1,3.10949110984802,430.81,323,6.98255683829355,10.315
"63_4C_13","63_4C","63",677,83.25,0,1,4.3159761428833,429.31,323.14,1.50651916682132,-0.360000000000014
"63_4C_13","63_4C","63",678,83.375,0,1,3.83653593063354,429.55,323.14,0.240000000000009,-0.0960000000000118
"63_4C_13","63_4C","63",679,83.5,0,1,4.30334234237671,429.15,322.85,0.494064773081431,-0.0194999999998674
"63_4C_13","63_4C","63",680,83.625,0,1,4.20155477523804,427.64,325,2.62727996224229,0.966399999999974
"63_4C_13","63_4C","63",681,83.75,0,1,4.4721360206604,427,325,0.639999999999986,-0.198399999999997
"63_4C_13","63_4C","63",682,83.875,0,1,4.3159761428833,427.31,324.86,0.340147027033895,-0.231399999999995
"63_4C_13","63_4C","63",683,84,0,1,4.3159761428833,426.69,325.14,0.680294054067791,-0.0964000000000191
"63_4C_13","63_4C","63",684,84.125,0,1,4.30334234237671,426.85,325.15,0.160312195418838,0.113000000000016
"63_4C_13","63_4C","63",685,84.25,0,1,4.53098201751709,427.58,324.77,0.822982381342359,-0.577299999999965
"63_4C_13","63_4C","63",686,84.375,0,1,3.63458633422852,426.81,324.81,0.771038261048032,0
"63_4C_13","63_4C","63",687,84.5,0,0,NA,426.81,324.81,0,0
"63_4C_13","63_4C","63",688,84.625,0,1,3.9712381362915,427.33,325,0.553624421426638,-0.104799999999997
"63_4C_13","63_4C","63",689,84.75,0,1,4.49510526657104,427.26,324.64,0.366742416417857,-0.154900000000009
"63_4C_13","63_4C","63",690,84.875,0,1,4.30334234237671,426.85,325.15,0.654369925959288,-0.306299999999962
"63_4C_13","63_4C","63",691,85,0,1,3.9712381362915,427,324.67,0.502891638427163,-0.083399999999991
"63_4C_13","63_4C","63",692,85.125,0,1,4.12310552597046,427.5,325,0.599082632029998,-0.25
"63_4C_13","63_4C","63",693,85.25,0,1,4.4721360206604,427,325,0.5,-0.0749999999999886
"63_4C_13","63_4C","63",694,85.375,0,1,4.30334234237671,427.15,324.85,0.212132034355932,0
"63_4C_13","63_4C","63",695,85.5,0,0,NA,427.15,324.85,0,0
"63_4C_13","63_4C","63",696,85.625,0,1,4.85450744628906,420.47,339.38,15.9919761130386,47.8882000000001
"63_4C_13","63_4C","63",697,85.75,0,2,4.4721360206604,419,342,3.00421370744495,3.35500000000002
"63_4C_13","63_4C","63",698,85.875,0,1,5,418.5,343,1.11803398874989,0.265000000000015
"63_4C_13","63_4C","63",699,86,0,1,4.54521751403809,418.43,343.23,0.240416305603442,0
"63_4C_13","63_4C","63",700,86.125,0,0,NA,418.43,343.23,0,0
"63_4C_13","63_4C","63",701,86.25,0,1,4.89960813522339,418.71,343.94,0.763216876123658,-0.152100000000004
"63_4C_13","63_4C","63",702,86.375,0,1,4.89572763442993,418.75,343.71,0.233452350598596,0.105500000000007
"63_4C_13","63_4C","63",703,86.5,0,1,4.64440011978149,418.8,343.26,0.452769256906861,-0.22350000000001
"63_4C_13","63_4C","63",704,86.625,0,1,4.66647243499756,418.56,343.73,0.527730992078379,-0.0937000000000137
"63_4C_13","63_4C","63",705,86.75,0,1,4.24264049530029,418.5,343.5,0.237697286480112,0.057900000000001
"63_4C_13","63_4C","63",706,86.875,0,1,4.54521751403809,418.57,343.23,0.278926513619608,0.0495000000000015
"63_4C_13","63_4C","63",707,87,0,1,5.00333023071289,418.39,343,0.292061637330223,0
"63_4C_13","63_4C","63",708,87.125,0,0,NA,418.39,343,0,0
"63_4C_13","63_4C","63",709,87.25,0,1,4.54521751403809,418.43,343.23,0.233452350598596,0.021700000000002
"63_4C_13","63_4C","63",710,87.375,0,1,4.64440011978149,418.8,343.26,0.371214223865414,0
"63_4C_13","63_4C","63",711,87.5,0,0,NA,418.8,343.26,0,0
"63_4C_13","63_4C","63",712,87.625,0,1,4.64440011978149,418.8,343.26,0,0
"63_4C_13","63_4C","63",713,87.75,0,0,NA,418.8,343.26,0,0
"63_4C_13","63_4C","63",714,87.875,0,1,4.64440011978149,418.8,343.26,0,0
"63_4C_13","63_4C","63",715,88,0,1,5,418.5,343,0.396988664825587,-0.0785999999999963
"63_4C_13","63_4C","63",716,88.125,0,1,4.89960813522339,418.71,343.06,0.218403296678396,-0.0626999999999746
"63_4C_13","63_4C","63",717,88.25,0,1,4.74404573440552,417.88,344.92,2.03678668495256,7.35819999999999
"63_4C_13","63_4C","63",718,88.375,0,1,4.32650709152222,415.76,347.93,3.68164365467381,6.12989999999997
"63_4C_13","63_4C","63",719,88.5,0,1,3.79621624946594,415.41,349.72,1.82389692691228,-0.399199999999998
"63_4C_13","63_4C","63",720,88.625,0,1,4.4320182800293,415.63,349.54,0.284253408071019,0
"63_4C_13","63_4C","63",721,88.75,0,1,4.4320182800293,415.63,349.54,0,0
"63_4C_13","63_4C","63",722,88.875,0,1,4.24264049530029,415.5,349.5,0.136014705087356,0
"63_4C_13","63_4C","63",723,89,0,1,4.24264049530029,415.5,349.5,0,0
"63_4C_13","63_4C","63",724,89.125,0,0,NA,415.5,349.5,0,0
"63_4C_13","63_4C","63",725,89.25,0,0,NA,415.5,349.5,0,0
"63_4C_13","63_4C","63",726,89.375,0,1,4.60139656066895,415.45,349.78,0.284429253066533,0.110400000000004
"63_4C_13","63_4C","63",727,89.5,0,1,4.58990621566772,415.37,350.16,0.388329756779,2.75060000000036
"63_4C_13","63_4C","63",728,89.625,0,1,4.54521751403809,414.57,357.23,7.11511770809169,18.0697999999997
"63_4C_13","63_4C","63",729,89.75,0,1,4.54521751403809,414.43,359.77,2.5438553417991,0
"63_4C_13","63_4C","63",730,89.875,0,0,NA,414.43,359.77,0,0
"63_4C_13","63_4C","63",731,90,0,0,NA,414.43,359.77,0,0
"63_4C_13","63_4C","63",732,90.125,0,0,NA,414.43,359.77,0,0
"63_4C_13","63_4C","63",733,90.25,0,0,NA,414.43,359.77,0,0
"63_4C_13","63_4C","63",734,90.375,0,1,4.4721360206604,415,363,3.27990853531011,0
"63_4C_13","63_4C","63",735,90.5,0,0,NA,415,363,0,0
"63_4C_13","63_4C","63",736,90.625,0,0,NA,415,363,0,0
"63_4C_13","63_4C","63",737,90.75,0,1,4.32650709152222,416.76,368.07,5.36679606469259,0
"63_4C_13","63_4C","63",738,90.875,0,0,NA,416.76,368.07,0,0
"63_4C_13","63_4C","63",739,91,0,1,3.86432838439941,417.5,372,3.99906239011097,-1.37729999999996
"63_4C_13","63_4C","63",740,91.125,0,1,4.8445897102356,417.71,371.61,0.44294469180698,0.162900000000002
"63_4C_13","63_4C","63",741,91.25,0,1,5.09232473373413,417.91,371.3,0.368917334913961,-0.265000000000011
"63_4C_13","63_4C","63",742,91.375,0,1,4.05183553695679,417.67,372,0.739999999999992,-0.236399999999995
"63_4C_13","63_4C","63",743,91.5,0,1,4.62220525741577,417.78,371.7,0.319530906173405,-0.0458000000000059
"63_4C_13","63_4C","63",744,91.625,0,1,4.57052564620972,417.8,371.86,0.161245154966001,-0.0260000000000096
"63_4C_13","63_4C","63",745,91.75,0,1,4.62220525741577,417.78,371.7,0.161245154966001,-0.0524000000000184
"63_4C_13","63_4C","63",746,91.875,0,1,4.4721360206604,418,372,0.372021504754791,-0.0318000000000098
"63_4C_13","63_4C","63",747,92,0,1,4.32650709152222,417.76,372.07,0.250000000000007,0
"63_4C_13","63_4C","63",748,92.125,0,0,NA,417.76,372.07,0,0
"63_4C_13","63_4C","63",749,92.25,0,1,4.1309289932251,417.63,372,0.147648230602327,-0.0123000000000032
"63_4C_13","63_4C","63",750,92.375,0,1,4.57052564620972,417.8,371.86,0.220227155455456,-0.0265000000000035
"63_4C_13","63_4C","63",751,92.5,0,1,4.54521751403809,417.57,371.77,0.246981780704598,-0.0610000000000141
"63_4C_13","63_4C","63",752,92.625,0,1,4.57052564620972,417.8,371.86,0.246981780704598,0
"63_4C_13","63_4C","63",753,92.75,0,0,NA,417.8,371.86,0,0
"63_4C_13","63_4C","63",754,92.875,0,1,5,421.5,385,13.6509926379,0
"63_4C_13","63_4C","63",755,93,0,0,NA,421.5,385,0,0
"63_4C_13","63_4C","63",756,93.125,0,1,4.62220525741577,421.78,385.3,0.410365690573654,-0.11539999999999
"63_4C_13","63_4C","63",757,93.25,0,1,4.30334234237671,421.85,384.85,0.455411901469424,0
"63_4C_13","63_4C","63",758,93.375,0,0,NA,421.85,384.85,0,0
"63_4C_13","63_4C","63",759,93.5,0,1,4.4721360206604,422,385,0.212132034355932,-0.0434999999999965
"63_4C_13","63_4C","63",760,93.625,0,1,4.84461498260498,421.68,385.03,0.321403173599755,0
"63_4C_13","63_4C","63",761,93.75,0,0,NA,421.68,385.03,0,0
"63_4C_13","63_4C","63",762,93.875,0,1,3.60555124282837,421.5,385,0.182482875908949,-0.0947999999999998
"63_4C_13","63_4C","63",763,94,0,1,4.34192895889282,422,385.16,0.524976189936275,0
"63_4C_13","63_4C","63",764,94.125,0,0,NA,422,385.16,0,0
"63_4C_13","63_4C","63",765,94.25,0,1,4.49510526657104,421.74,384.64,0.581377674149976,-0.0806000000000182
"63_4C_13","63_4C","63",766,94.375,0,1,3.9712381362915,421.33,385,0.545618914628177,-1.10490000000011
"63_4C_13","63_4C","63",767,94.5,0,1,3.78349351882935,426.22,387.5,5.4920032774936,34.2478000000001
"63_4C_13","63_4C","63",768,94.625,0,1,4.78565502166748,431.24,391.38,6.34466705194211,30.9807999999999
"63_4C_13","63_4C","63",769,94.75,0,1,3.60555124282837,435,394.5,4.88589807507279,7.22080000000004
"63_4C_13","63_4C","63",770,94.875,0,1,3.72725701332092,436.63,394.85,1.66715326230074,0.540099999999999
"63_4C_13","63_4C","63",771,95,0,1,3.9712381362915,437,394.67,0.411460812228827,0.0230999999999898
"63_4C_13","63_4C","63",772,95.125,0,1,4.30334234237671,437.15,394.85,0.23430749027719,0
"63_4C_13","63_4C","63",773,95.25,0,1,4.30334234237671,437.15,394.85,0,0
"63_4C_13","63_4C","63",774,95.375,0,1,3.60555124282837,437,394.5,0.380788655293207,-0.175000000000011
"63_4C_13","63_4C","63",775,95.5,0,1,4.4721360206604,437,395,0.5,-0.0749999999999886
"63_4C_13","63_4C","63",776,95.625,0,1,4.30334234237671,437.15,394.85,0.212132034355932,0
"63_4C_13","63_4C","63",777,95.75,0,1,4.30334234237671,437.15,394.85,0,0
"63_4C_13","63_4C","63",778,95.875,0,1,3.9712381362915,437,394.67,0.23430749027719,0
"63_4C_13","63_4C","63",779,96,0,1,3.9712381362915,437,394.67,0,0
"63_4C_13","63_4C","63",780,96.125,0,0,NA,437,394.67,0,0
"63_4C_13","63_4C","63",781,96.25,0,0,NA,437,394.67,0,0
"63_4C_13","63_4C","63",782,96.375,0,0,NA,437,394.67,0,0
"63_4C_13","63_4C","63",783,96.5,0,0,NA,437,394.67,0,0
"63_4C_13","63_4C","63",784,96.625,0,1,3.16227769851685,456.5,400.5,20.3528597499221,-0.902600000000075
"63_4C_13","63_4C","63",785,96.75,0,1,3.61316752433777,456.37,400.78,0.308706980808636,0.184699999999989
"63_4C_13","63_4C","63",786,96.875,0,1,3.16227769851685,456.5,401.5,0.73164198895364,-0.288200000000008
"63_4C_13","63_4C","63",787,97,0,1,3.10949110984802,456,401.19,0.58830264320331,-0.106099999999992
"63_4C_13","63_4C","63",788,97.125,0,1,3.9712381362915,456.33,401,0.380788655293181,-0.0878999999999947
"63_4C_13","63_4C","63",789,97.25,0,1,4.30334234237671,456.15,401.15,0.23430749027719,0
"63_4C_13","63_4C","63",790,97.375,0,1,4.30334234237671,456.15,401.15,0,0
"63_4C_13","63_4C","63",791,97.5,0,1,3.9712381362915,456,401.33,0.23430749027719,0
"63_4C_13","63_4C","63",792,97.625,0,0,NA,456,401.33,0,0
"63_4C_13","63_4C","63",793,97.75,0,1,3.61316752433777,456.22,401.37,0.223606797750009,0
"63_4C_13","63_4C","63",794,97.875,0,1,3.61316752433777,456.22,401.37,0,0
"63_4C_13","63_4C","63",795,98,0,1,3.9712381362915,456.33,401,0.386005181312368,-0.0752999999999852
"63_4C_13","63_4C","63",796,98.125,0,1,4.30334234237671,456.15,401.15,0.23430749027719,0.00450000000000375
"63_4C_13","63_4C","63",797,98.25,0,1,4.4721360206604,456,401,0.212132034355932,0
"63_4C_13","63_4C","63",798,98.375,0,0,NA,456,401,0,0
"63_4C_13","63_4C","63",799,98.5,0,1,3.84965634346008,456,401,0,0
"63_4C_13","63_4C","63",800,98.625,0,0,NA,456,401,0,0
"63_4C_13","63_4C","63",801,98.75,0,0,NA,456,401,0,0
"63_4C_13","63_4C","63",802,98.875,0,0,NA,456,401,0,0
"63_4C_13","63_4C","63",803,99,0,0,NA,456,401,0,0
"63_4C_13","63_4C","63",804,99.125,0,0,NA,456,401,0,0
"63_4C_13","63_4C","63",805,99.25,0,0,NA,456,401,0,0
"63_4C_13","63_4C","63",806,99.375,0,0,NA,456,401,0,0
"63_4C_13","63_4C","63",807,99.5,0,0,NA,456,401,0,0
"63_4C_13","63_4C","63",808,99.625,0,1,3.72725701332092,492.63,378.15,43.1726695954744,-1.52790000000042
"63_4C_13","63_4C","63",809,99.75,0,1,3.10949110984802,493,378.81,0.756637297521102,0
"63_4C_13","63_4C","63",810,99.875,0,0,NA,493,378.81,0,0
"63_4C_13","63_4C","63",811,100,0,1,3.61316752433777,492.37,378.22,0.863133825081583,0
"63_4C_13","63_4C","63",812,100.125,0,0,NA,492.37,378.22,0,0
"63_4C_13","63_4C","63",813,100.25,0,0,NA,492.37,378.22,0,0
"63_4C_13","63_4C","63",814,100.375,0,0,NA,492.37,378.22,0,0
"63_4C_13","63_4C","63",815,100.5,0,1,3.41421365737915,493,378,0.66730802482812,0
"63_4C_13","63_4C","63",816,100.625,0,0,NA,493,378,0,0
"63_4C_13","63_4C","63",817,100.75,0,0,NA,493,378,0,0
"63_4C_13","63_4C","63",818,100.875,0,0,NA,493,378,0,0
"63_4C_13","63_4C","63",819,101,0,0,NA,493,378,0,0
"63_4C_13","63_4C","63",820,101.125,0,0,NA,493,378,0,0
"63_4C_13","63_4C","63",821,101.25,0,1,3.9712381362915,494.33,366,12.0734792002968,0
"63_4C_13","63_4C","63",822,101.375,0,0,NA,494.33,366,0,0
"63_4C_13","63_4C","63",823,101.5,0,1,3.16227769851685,497.5,353.5,12.8956930794743,0
"63_4C_13","63_4C","63",824,101.625,0,0,NA,497.5,353.5,0,0
"63_4C_13","63_4C","63",825,101.75,0,0,NA,497.5,353.5,0,0
"63_4C_13","63_4C","63",826,101.875,0,1,3.16227769851685,497.5,353.5,0,0
"63_4C_13","63_4C","63",827,102,0,1,3.16227769851685,497.5,353.5,0,0
"63_4C_13","63_4C","63",828,102.125,0,1,3.61316752433777,497.37,353.78,0.308706980808636,0
"63_4C_13","63_4C","63",829,102.25,0,0,NA,497.37,353.78,0,0
"63_4C_13","63_4C","63",830,102.375,0,0,NA,497.37,353.78,0,0
"63_4C_13","63_4C","63",831,102.5,0,0,NA,497.37,353.78,0,0
"63_4C_13","63_4C","63",832,102.625,0,1,3.61316752433777,497.63,353.78,0.259999999999991,-0.0337999999999976
"63_4C_13","63_4C","63",833,102.75,0,1,3.16227769851685,497.5,353.5,0.308706980808636,-0.0952999999999835
"63_4C_13","63_4C","63",834,102.875,0,1,3.61316752433777,497.63,353.78,0.308706980808636,0
"63_4C_13","63_4C","63",835,103,0,1,3.61316752433777,497.63,353.78,0,0
"63_4C_13","63_4C","63",836,103.125,0,1,3.61316752433777,497.63,353.78,0,0
"63_4C_13","63_4C","63",837,103.25,0,0,NA,497.63,353.78,0,0
"63_4C_13","63_4C","63",838,103.375,0,0,NA,497.63,353.78,0,0
"63_4C_13","63_4C","63",839,103.5,0,1,3.16227769851685,497.5,353.5,0.308706980808636,-0.0952999999999835
"63_4C_13","63_4C","63",840,103.625,0,1,3.61316752433777,497.63,353.78,0.308706980808636,-0.0952999999999835
"63_4C_13","63_4C","63",841,103.75,0,1,3.16227769851685,497.5,353.5,0.308706980808636,-0.0952999999999835
"63_4C_13","63_4C","63",842,103.875,0,1,3.61316752433777,497.63,353.78,0.308706980808636,-0.0952999999999835
"63_4C_13","63_4C","63",843,104,0,1,3.16227769851685,497.5,353.5,0.308706980808636,-0.0952999999999835
"63_4C_13","63_4C","63",844,104.125,0,1,3.61316752433777,497.63,353.78,0.308706980808636,-0.0952999999999835
"63_4C_13","63_4C","63",845,104.25,0,1,3.16227769851685,497.5,353.5,0.308706980808636,2.26649999999981
"63_4C_13","63_4C","63",846,104.375,0,1,4.54521751403809,493.57,347.23,7.39985134985831,0
"63_4C_13","63_4C","63",847,104.5,0,0,NA,493.57,347.23,0,0
"63_4C_13","63_4C","63",848,104.625,0,1,3.16227769851685,490.5,335.5,12.1250896903899,49.9900000000001
"63_4C_13","63_4C","63",849,104.75,0,1,3.16227769851685,489.5,331.5,4.12310562561766,5
"63_4C_13","63_4C","63",850,104.875,0,1,3.16227769851685,488.5,330.5,1.4142135623731,0
"63_4C_13","63_4C","63",851,105,0,0,NA,488.5,330.5,0,0
"63_4C_13","63_4C","63",852,105.125,0,1,4.32312631607056,488.85,330.75,0.43011626335215,0
"63_4C_13","63_4C","63",853,105.25,0,0,NA,488.85,330.75,0,0
"63_4C_13","63_4C","63",854,105.375,0,1,3.10949110984802,489.19,331,0.422018956920164,0.116200000000005
"63_4C_13","63_4C","63",855,105.5,0,1,3.61316752433777,489.37,331.22,0.284253408071063,-0.182000000000012
"63_4C_13","63_4C","63",856,105.625,0,1,4.19999885559082,488.97,330.72,0.640312423743271,0
"63_4C_13","63_4C","63",857,105.75,0,0,NA,488.97,330.72,0,0
"63_4C_13","63_4C","63",858,105.875,0,1,4.32312631607056,488.85,330.75,0.123693168768528,-0.0285000000000027
"63_4C_13","63_4C","63",859,106,0,1,4.01123428344727,489.15,331,0.390512483795298,0.121000000000005
"63_4C_13","63_4C","63",860,106.125,0,1,3.61316752433777,489.37,331.22,0.311126983722119,0
"63_4C_13","63_4C","63",861,106.25,0,1,3.61316752433777,489.37,331.22,0,0
"63_4C_13","63_4C","63",862,106.375,0,0,NA,489.37,331.22,0,0
"63_4C_13","63_4C","63",863,106.5,0,1,4.19999885559082,488.97,330.72,0.640312423743271,-0.211999999999962
"63_4C_13","63_4C","63",864,106.625,0,1,4.01123428344727,489.15,331,0.332866339541815,0
"63_4C_13","63_4C","63",865,106.75,0,0,NA,489.15,331,0,0
"63_4C_13","63_4C","63",866,106.875,0,1,4.08487749099731,475.97,322.25,15.8200790137091,34.6871000000003
"63_4C_13","63_4C","63",867,107,0,1,3.16227769851685,474.5,320.5,2.28547588042405,6.63250000000006
"63_4C_13","63_4C","63",868,107.125,0,1,3.10949110984802,472,318.81,3.01763152157449,3.4639
"63_4C_13","63_4C","63",869,107.25,0,1,4.24264049530029,471.5,317.5,1.40217687899922,-0.655000000000001
"63_4C_13","63_4C","63",870,107.375,0,1,3.60555124282837,471.5,318,0.5,0
"63_4C_13","63_4C","63",871,107.5,0,0,NA,471.5,318,0,0
"63_4C_13","63_4C","63",872,107.625,0,1,4.3159761428833,471.14,317.69,0.4750789408088,0.159099999999998
"63_4C_13","63_4C","63",873,107.75,0,1,4.46820449829102,471.12,317.2,0.490407993409577,0.104199999999991
"63_4C_13","63_4C","63",874,107.875,0,1,3.10949110984802,470.81,317,0.36891733491393,-0.249799999999997
"63_4C_13","63_4C","63",875,108,0,1,4.70255994796753,471.19,317.66,0.76157731058641,0.000799999999978648
"63_4C_13","63_4C","63",876,108.125,0,1,4.3159761428833,471.14,317.69,0.0583095189484487,-0.00539999999999529
"63_4C_13","63_4C","63",877,108.25,0,1,4.59517049789429,471.11,317.46,0.231948270094879,0.0471000000000013
"63_4C_13","63_4C","63",878,108.375,0,1,4.32312631607056,471.15,317.25,0.213775583264293,-0.0581999999999885
"63_4C_13","63_4C","63",879,108.5,0,1,4.83846282958984,470.85,317.47,0.372021504754745,0
"63_4C_13","63_4C","63",880,108.625,0,0,NA,470.85,317.47,0,0
"63_4C_13","63_4C","63",881,108.75,0,1,3.50364899635315,471.37,317.63,0.544058820349391,-0.0963999999999906
"63_4C_13","63_4C","63",882,108.875,0,1,3.94565057754517,471.16,317.71,0.224722050542418,-0.0564999999999831
"63_4C_13","63_4C","63",883,109,0,1,3.72684335708618,471.33,317.45,0.310644491340151,-0.0248999999999837
"63_4C_13","63_4C","63",884,109.125,0,1,3.9712381362915,471,317.33,0.351140997321575,0
"63_4C_13","63_4C","63",885,109.25,0,0,NA,471,317.33,0,0
"63_4C_13","63_4C","63",886,109.375,0,0,NA,471,317.33,0,0
"63_4C_13","63_4C","63",887,109.5,0,1,3.94565057754517,471.29,317.84,0.586685605754907,0
"63_4C_13","63_4C","63",888,109.625,0,0,NA,471.29,317.84,0,0
"63_4C_13","63_4C","63",889,109.75,0,1,3.72684335708618,471.33,317.45,0.392045915678236,0
"63_4C_13","63_4C","63",890,109.875,0,1,3.72684335708618,471.33,317.45,0,0
"63_4C_13","63_4C","63",891,110,0,1,3.41421365737915,471,317,0.55803225713213,-0.405599999999986
"63_4C_13","63_4C","63",892,110.125,0,1,3.50364899635315,471.37,317.63,0.730616178304312,-2.61030000000002
"63_4C_13","63_4C","63",893,110.25,0,1,4.3159761428833,464.86,317.31,6.51786007827722,46.2989
"63_4C_13","63_4C","63",894,110.375,0,1,4.27798509597778,457.75,317.27,7.11011251669059,24.4636
"63_4C_13","63_4C","63",895,110.5,0,1,4.3159761428833,454.31,317.14,3.44245551895736,13.3893999999999
"63_4C_13","63_4C","63",896,110.625,0,1,5.00488424301147,450.42,317.08,3.89046269741787,12.4749999999999
"63_4C_13","63_4C","63",897,110.75,0,1,3.61316752433777,447.22,316.63,3.23148572641129,7.67950000000004
"63_4C_13","63_4C","63",898,110.875,0,1,4.64440011978149,444.74,317.2,2.54466107762902,1.60460000000007
"63_4C_13","63_4C","63",899,111,0,1,4.4032998085022,444.07,317.1,0.677421582177609,3.73060000000016
"63_4C_13","63_4C","63",900,111.125,0,1,3.63458633422852,438.19,319.19,6.24039261585358,-0.379000000000088
"63_4C_13","63_4C","63",901,111.25,0,1,4.61067152023315,438.29,319.29,0.141421356237342,-0.0200000000000091
"63_4C_13","63_4C","63",902,111.375,0,1,3.63458633422852,438.19,319.19,0.141421356237342,0
"63_4C_13","63_4C","63",903,111.5,0,1,3.63458633422852,438.19,319.19,0,0
"63_4C_13","63_4C","63",904,111.625,0,1,4.30334234237671,438.15,319.15,0.0565685424949527,-0.0012000000000018
"63_4C_13","63_4C","63",905,111.75,0,1,3.9712381362915,438.33,319,0.23430749027719,-0.108899999999989
"63_4C_13","63_4C","63",906,111.875,0,1,3.9712381362915,438,319.33,0.466690475583099,-0.164999999999992
"63_4C_13","63_4C","63",907,112,0,1,4.3159761428833,438.31,319.14,0.363593179253958,-0.0467000000000037
"63_4C_13","63_4C","63",908,112.125,0,1,3.63458633422852,438.19,319.19,0.130000000000009,-0.00320000000000043
"63_4C_13","63_4C","63",909,112.25,0,1,4.27798509597778,438.25,319.27,0.0999999999999886,-0.0102000000000013
"63_4C_13","63_4C","63",910,112.375,0,1,3.9712381362915,438,319.33,0.257099202643649,0
"63_4C_13","63_4C","63",911,112.5,0,1,3.9712381362915,438,319.33,0,0
"63_4C_13","63_4C","63",912,112.625,0,1,3.9712381362915,438.33,319,0.466690475583099,-0.0527999999999869
"63_4C_13","63_4C","63",913,112.75,0,1,4.3159761428833,438.31,319.14,0.141421356237293,-0.0199999999999955
"63_4C_13","63_4C","63",914,112.875,0,1,3.9712381362915,438.33,319,0.141421356237293,-0.0527999999999869
"63_4C_13","63_4C","63",915,113,0,1,3.9712381362915,438,319.33,0.466690475583099,-0.273899999999982
"63_4C_13","63_4C","63",916,113.125,0,1,4.12310552597046,438.5,319,0.599082632029998,-0.224500000000001
"63_4C_13","63_4C","63",917,113.25,0,1,4.30334234237671,438.15,319.15,0.380788655293207,-0.00800000000000591
"63_4C_13","63_4C","63",918,113.375,0,1,3.63458633422852,438.19,319.19,0.0565685424949527,0.00480000000000264
"63_4C_13","63_4C","63",919,113.5,0,1,4.12310552597046,438.5,319,0.363593179253958,0
"63_4C_13","63_4C","63",920,113.625,0,1,4.12310552597046,438.5,319,0,0
"63_4C_13","63_4C","63",921,113.75,0,1,4.3159761428833,438.31,319.14,0.236008474424109,0.0295999999999979
"63_4C_13","63_4C","63",922,113.875,0,1,4.27798509597778,438.25,319.27,0.14317821063276,-0.00959999999999845
"63_4C_13","63_4C","63",923,114,0,1,4.30334234237671,438.15,319.15,0.156204993518151,-6.82093270754081e-15
"63_4C_13","63_4C","63",924,114.125,0,1,3.9712381362915,438.33,319,0.23430749027719,-0.0536999999999938
"63_4C_13","63_4C","63",925,114.25,0,1,3.63458633422852,438.19,319.19,0.236008474424109,-0.0458999999999972
"63_4C_13","63_4C","63",926,114.375,0,1,3.83653593063354,438.45,319.14,0.264764045897468,-0.0784999999999999
"63_4C_13","63_4C","63",927,114.5,0,1,4.30334234237671,438.15,319.15,0.300166620396084,-0.0555000000000025
"63_4C_13","63_4C","63",928,114.625,0,1,3.9712381362915,438.33,319,0.23430749027719,-0.0548999999999956
"63_4C_13","63_4C","63",929,114.75,0,1,4.30334234237671,438.15,319.15,0.23430749027719,-0.0012000000000018
"63_4C_13","63_4C","63",930,114.875,0,1,3.63458633422852,438.19,319.19,0.0565685424949527,0.00480000000000264
"63_4C_13","63_4C","63",931,115,0,1,4.12310552597046,438.5,319,0.363593179253958,-0.137000000000003
"63_4C_13","63_4C","63",932,115.125,0,1,4.30334234237671,438.15,319.15,0.380788655293207,-0.148499999999999
"63_4C_13","63_4C","63",933,115.25,0,1,3.83653593063354,438.45,318.86,0.417252920900484,-0.175599999999993
"63_4C_13","63_4C","63",934,115.375,0,1,4,438,319,0.471274866717912,-0.0464999999999933
"63_4C_13","63_4C","63",935,115.5,0,1,4.30334234237671,438.15,319.15,0.212132034355932,0.0225000000000017
"63_4C_13","63_4C","63",936,115.625,0,1,4.3159761428833,438.31,319.14,0.160312195418838,-0.0257000000000078
"63_4C_13","63_4C","63",937,115.75,0,1,4.30334234237671,438.15,319.15,0.160312195418838,-0.030300000000004
"63_4C_13","63_4C","63",938,115.875,0,1,3.9712381362915,438.33,319,0.23430749027719,0.000600000000006869
"63_4C_13","63_4C","63",939,116,0,1,3.83653593063354,438.45,319.14,0.18439088914585,0
"63_4C_13","63_4C","63",940,116.125,0,0,NA,438.45,319.14,0,0
"63_4C_13","63_4C","63",941,116.25,0,0,NA,438.45,319.14,0,0
"63_4C_13","63_4C","63",942,116.375,0,0,NA,438.45,319.14,0,0
"63_4C_13","63_4C","63",943,116.5,0,0,NA,438.45,319.14,0,0
"63_4C_13","63_4C","63",944,116.625,0,0,NA,438.45,319.14,0,0
"63_4C_13","63_4C","63",945,116.75,0,0,NA,438.45,319.14,0,0
"63_4C_13","63_4C","63",946,116.875,0,0,NA,438.45,319.14,0,0
"63_4C_13","63_4C","63",947,117,0,0,NA,438.45,319.14,0,0
"63_4C_13","63_4C","63",948,117.125,0,0,NA,438.45,319.14,0,0
"63_4C_13","63_4C","63",949,117.25,0,0,NA,438.45,319.14,0,0
"63_4C_13","63_4C","63",950,117.375,0,0,NA,438.45,319.14,0,0
"63_4C_13","63_4C","63",951,117.5,0,0,NA,438.45,319.14,0,0
"63_4C_13","63_4C","63",952,117.625,0,0,NA,438.45,319.14,0,0
"63_4C_13","63_4C","63",953,117.75,0,0,NA,438.45,319.14,0,0
"63_4C_13","63_4C","63",954,117.875,0,0,NA,438.45,319.14,0,0
"63_4C_13","63_4C","63",955,118,0,0,NA,438.45,319.14,0,0
"63_4C_13","63_4C","63",956,118.125,0,0,NA,438.45,319.14,0,0
"63_4C_13","63_4C","63",957,118.25,0,0,NA,438.45,319.14,0,0
"63_4C_13","63_4C","63",958,118.375,0,0,NA,438.45,319.14,0,0
"63_4C_13","63_4C","63",959,118.5,0,0,NA,438.45,319.14,0,0
"63_4C_13","63_4C","63",960,118.625,0,0,NA,438.45,319.14,0,0
"63_4C_13","63_4C","63",961,118.75,0,0,NA,438.45,319.14,0,0
"63_4C_13","63_4C","63",962,118.875,0,0,NA,438.45,319.14,0,0
"63_4C_13","63_4C","63",963,119,0,0,NA,438.45,319.14,0,0
"63_4C_13","63_4C","63",964,119.125,0,0,NA,438.45,319.14,0,0
"63_4C_13","63_4C","63",965,119.25,0,0,NA,438.45,319.14,0,0
"63_4C_13","63_4C","63",966,119.375,0,0,NA,438.45,319.14,0,0
"63_4C_13","63_4C","63",967,119.5,0,0,NA,438.45,319.14,0,0
"63_4C_13","63_4C","63",968,119.625,0,0,NA,438.45,319.14,0,0
"63_4C_13","63_4C","63",969,119.75,0,0,NA,438.45,319.14,0,0
"63_4C_13","63_4C","63",970,119.875,0,1,3.61316752433777,430.78,321.37,7.98760289448595,9.69319999999999
"63_4C_13","63_4C","63",971,120,0,1,4.95203828811646,429.9,322.69,1.58644256120415,-0.193600000000048
"63_4C_13","63_4C","63",972,120.125,0,1,5.11349201202393,429.88,322.53,0.161245154965994,-0.0744000000000164
"63_4C_13","63_4C","63",973,120.25,0,1,4.34192895889282,429.84,323,0.471699056602859,-0.0708999999999955
"63_4C_13","63_4C","63",974,120.375,0,1,4.48923778533936,429.85,322.85,0.15033296378371,0.0285000000000039
"63_4C_13","63_4C","63",975,120.5,0,1,3.9712381362915,430,322.67,0.23430749027719,-0.0548999999999956
"63_4C_13","63_4C","63",976,120.625,0,1,4.48923778533936,429.85,322.85,0.23430749027719,0.0285000000000039
"63_4C_13","63_4C","63",977,120.75,0,1,4.34192895889282,429.84,323,0.15033296378371,-0.0395999999999871
"63_4C_13","63_4C","63",978,120.875,0,1,4.27798509597778,429.75,322.73,0.284604989415129,-0.0296999999999977
"63_4C_13","63_4C","63",979,121,0,1,4.3159761428833,429.69,322.86,0.14317821063276,-0.0212000000000058
"63_4C_13","63_4C","63",980,121.125,0,1,4.34192895889282,430,322.84,0.310644491340186,-0.111599999999987
"63_4C_13","63_4C","63",981,121.25,0,1,4.85450744628906,429.62,322.53,0.490407993409567,-0.240499999999998
"63_4C_13","63_4C","63",982,121.375,0,1,4.34192895889282,430,322.84,0.490407993409567,-0.0538999999999758
"63_4C_13","63_4C","63",983,121.5,0,1,4.30334234237671,429.85,322.85,0.15033296378371,0.825700000000203
"63_4C_13","63_4C","63",984,121.625,0,1,3.61316752433777,424.78,329.37,8.25925541438211,14.7996999999998
"63_4C_13","63_4C","63",985,121.75,0,1,4.30334234237671,424.15,331.15,1.88820020124983,0.291100000000034
"63_4C_13","63_4C","63",986,121.875,0,1,4.3159761428833,424.14,331.31,0.160312195418838,0
"63_4C_13","63_4C","63",987,122,0,1,4.3159761428833,424.14,331.31,0,0
"63_4C_13","63_4C","63",988,122.125,0,1,3.9712381362915,424.33,331,0.363593179253958,-0.174300000000001
"63_4C_13","63_4C","63",989,122.25,0,1,4.20155477523804,424,331.36,0.488364617882991,-0.125100000000006
"63_4C_13","63_4C","63",990,122.375,0,1,4.30334234237671,424.15,331.15,0.258069758011295,0
"63_4C_13","63_4C","63",991,122.5,0,1,4.30334234237671,424.15,331.15,0,0
"63_4C_13","63_4C","63",992,122.625,0,1,4,424,331,0.212132034355932,-0.0449999999999864
"63_4C_13","63_4C","63",993,122.75,0,1,4.30334234237671,424.15,331.15,0.212132034355932,0
"63_4C_13","63_4C","63",994,122.875,0,1,4.30334234237671,424.15,331.15,0,0
"63_4C_13","63_4C","63",995,123,0,1,4.30334234237671,424.15,331.15,0,NA
