index,day,drop,drop_img_sim,file_name,fps,frames,height,plate,tracked,width
0,11,482.0,0.5569122293950451,pl26_day11.mov,7.987,993,576,26,No,784
1,11,579.0,0.6501133143242367,pl27_day11.mov,7.987,1099,576,27,No,784
2,11,489.0,0.6040554247168936,pl28_day11.mov,7.987,979,576,28,No,784
3,11,493.0,0.5473230236799302,pl29_day11.mov,7.987,985,576,29,No,784
4,11,493.0,0.5723018678427259,pl30_day11.mov,7.987,983,576,30,No,784
5,11,490.0,0.5434330739369971,pl31_day11.mov,7.987,983,576,31,No,784
6,11,506.0,0.6420323639186339,pl32_day11.mov,7.987,1006,576,32,No,784
7,11,487.0,0.6452433112591611,pl33_day11.mov,7.987,986,576,33,No,784
8,11,487.0,0.7865809570739889,pl34_day11.mov,7.987,1009,576,34,No,784
9,11,489.0,0.544649319198895,pl35_day11.mov,7.987,983,576,35,No,784
10,11,493.0,0.7023893767118667,pl36_day11.mov,7.987,994,576,36,No,784
11,11,492.0,0.5219795372146389,pl37_day11.mov,7.987,988,576,37,No,784
12,11,490.0,0.5524246130894757,pl38_day11.mov,7.987,986,576,38,No,784
13,11,484.0,0.7099237533944437,pl39_day11.mov,7.987,982,576,39,No,784
14,11,486.0,0.5294891525820236,pl40_day11.mov,7.987,987,576,40,No,784
15,11,493.0,0.7437564127978311,pl41_day11.mov,7.987,991,576,41,No,784
16,11,491.0,0.5607680028557608,pl42_day11.mov,7.987,990,576,42,No,784
17,11,489.0,0.5332729591743535,pl43_day11.mov,7.987,982,576,43,No,784
18,11,495.0,0.5444592716749108,pl44_day11.mov,7.987,1000,576,44,No,784
19,11,488.0,0.6146031083348313,pl45_day11.mov,7.987,1003,576,45,No,784
20,11,489.0,0.7618515645923318,pl46_day11.mov,7.987,982,576,46,No,784
21,11,487.0,0.5419118428772346,pl47_day11.mov,7.987,989,576,47,No,784
22,11,491.0,0.5561530563694512,pl48_day11.mov,7.987,988,576,48,No,784
23,11,792.0,0.9589680509699924,pl49_day11.mov,7.987,1624,576,49,No,784
24,11,486.0,0.5334925509891196,pl50_day11.mov,7.987,982,576,50,No,784
25,11,482.0,0.6697710322558659,pl51_day11.mov,7.987,973,576,51,No,784
26,11,497.0,0.5403977136883255,pl52_day11.mov,7.987,998,576,52,No,784
27,11,492.0,0.6497819780551048,pl53_day11.mov,7.987,1033,576,53,No,784
28,11,488.0,0.631212177447939,pl54_day11.mov,7.987,1033,576,54,No,784
29,11,559.0,0.610584019197598,pl55_day11.mov,7.987,1062,576,55,No,784
30,11,485.0,0.7154984368231031,pl56_day11.mov,7.987,982,576,56,No,784
31,11,545.0,0.6419666547557841,pl57_day11.mov,7.987,1043,576,57,No,784
32,11,493.0,0.5782987397729284,pl58_day11.mov,7.987,993,576,58,No,784
33,11,488.0,0.608724382841185,pl59_day11.mov,7.987,1001,576,59,No,784
34,11,487.0,0.6942060870499523,pl60_day11.mov,7.987,985,576,60,No,784
35,11,486.0,0.6492672158447831,pl61_day11.mov,7.987,986,576,61,No,784
36,11,498.0,0.5619765954422571,pl62_day11.mov,7.987,986,576,62,No,784
37,11,486.0,0.5973075154954085,pl63_day11.mov,7.987,985,576,63,No,784
38,11,487.0,0.6320086025440687,pl64_day11.mov,7.987,986,576,64,No,784
39,11,494.0,0.5653098599859031,pl65_day11.mov,7.987,987,576,65,No,784
40,11,490.0,0.5406384748989133,pl66_day11.mov,7.987,994,576,66,No,784
41,11,640.0,0.5678367183881525,pl67_day11.mov,7.987,1130,576,67,No,784
42,11,497.0,0.6940593306306847,pl68_day11.mov,7.987,989,576,68,No,784
43,11,493.0,0.735263352750015,pl69_day11.mov,7.987,986,576,69,No,784
44,11,532.0,0.5849964790136227,pl70_day11.mov,7.987,1041,576,70,No,784
45,11,483.0,0.6345005545898545,pl71_day11.mov,7.987,985,576,71,No,784
46,11,490.0,0.6424021130500831,pl72_day11.mov,7.987,983,576,72,No,784
47,11,493.0,0.6318402183874858,pl73_day11.mov,7.987,985,576,73,No,784
48,11,488.0,0.6426063512767283,pl74_day11.mov,7.987,987,576,74,No,784
49,11,487.0,0.7799234036484318,plt10_day11.mov,7.987,991,576,10,No,784
50,11,487.0,0.7173100385132084,plt11_day11.mov,7.987,999,576,11,No,784
51,11,510.0,0.7141732560705127,plt12_day11.mov,7.987,1004,576,12,No,784
52,11,506.0,0.6698385461682052,plt13_day11.mov,7.987,999,576,13,No,784
53,11,491.0,0.6407723664763922,plt14_day11.mov,7.987,985,576,14,No,784
54,11,494.0,0.7198055901866004,plt15_day11.mov,7.987,993,576,15,No,784
55,11,488.0,0.7072457798307238,plt16_day11.mov,7.987,984,576,16,No,784
56,11,487.0,0.7548216652063514,plt17_day11.mov,7.987,985,576,17,No,784
57,11,489.0,0.7362798625409746,plt18_day11.mov,7.987,991,576,18,No,784
58,11,487.0,0.6285345387802255,plt19_day11.mov,7.987,987,576,19,No,784
59,11,485.0,0.7311466771025971,plt1_day11.mov,7.987,990,576,1,No,784
60,11,484.0,0.6621593950442884,plt20_day11.mov,7.987,978,576,20,No,784
61,11,487.0,0.7220029372217448,plt21_day11.mov,7.987,1013,576,21,No,784
62,11,487.0,0.6445240524173161,plt22_day11.mov,7.987,985,576,22,No,784
63,11,487.0,0.6518663882387421,plt23_day11.mov,7.987,988,576,23,No,784
64,11,485.0,0.6311811595578325,plt24_day11.mov,7.987,989,576,24,No,784
65,11,486.0,0.7066246795173404,plt25_day11.mov,7.987,987,576,25,No,784
66,11,488.0,0.6088772801936864,plt2_day11.mov,7.987,993,576,2,No,784
67,11,487.0,0.6728673337111141,plt3_day11.mov,7.987,997,576,3,No,784
68,11,487.0,0.8025395726316541,plt4_day11.mov,7.987,988,576,4,No,784
69,11,490.0,0.6531894649605289,plt5_day11.mov,7.987,967,576,5,No,784
70,11,490.0,0.7480301173768457,plt6_day11.mov,7.987,986,576,6,No,784
71,11,539.0,0.598947073271309,plt7_day11.mov,7.987,1008,576,7,No,784
72,11,488.0,0.7384705232098531,plt8_day11.mov,7.987,987,576,8,No,784
73,11,486.0,0.6493077739344082,plt9_day11.mov,7.987,1016,576,9,No,784
74,13,492.0,0.6656823176509834,pl26_day13.mov,7.987,995,576,26,No,784
75,13,488.0,0.5901321117582881,pl27_day13.mov,7.987,993,576,27,No,784
76,13,489.0,0.6955163507795484,pl28_day13.mov,7.987,995,576,28,No,784
77,13,490.0,0.6246688737700026,pl29_day13.mov,7.987,993,576,29,No,784
78,13,492.0,0.6257109332183871,pl30_day13.mov,7.987,994,576,30,No,784
79,13,491.0,0.6024427452208759,pl31_day13.mov,7.987,994,576,31,No,784
80,13,491.0,0.6314641454167758,pl32_day13.mov,7.987,994,576,32,No,784
81,13,554.0,0.6257518775855142,pl33_day13.mov,7.987,1055,576,33,No,784
82,13,480.0,0.6542634657406425,pl34_day13.mov,7.987,986,576,34,No,784
83,13,492.0,0.6140346306008027,pl35_day13.mov,7.987,997,576,35,No,784
84,13,490.0,0.6700692984369928,pl36_day13.mov,7.987,995,576,36,No,784
85,13,490.0,0.6351371243148067,pl37_day13.mov,7.987,995,576,37,No,784
86,13,492.0,0.6437929673230465,pl38_day13.mov,7.987,993,576,38,No,784
87,13,489.0,0.5897688048734533,pl39_day13.mov,7.987,999,576,39,No,784
88,13,491.0,0.5763027579740174,pl40_day13.mov,7.987,996,576,40,No,784
89,13,492.0,0.663269262481673,pl41_day13.mov,7.987,995,576,41,No,784
90,13,490.0,0.5363881467199426,pl42_day13.mov,7.987,993,576,42,No,784
91,13,490.0,0.6780389861338579,pl43_day13.mov,7.987,991,576,43,No,784
92,13,490.0,0.6402953375072176,pl44_day13.mov,7.987,994,576,44,No,784
93,13,492.0,0.7697307545898323,pl45_day13.mov,7.987,993,576,45,No,784
94,13,489.0,0.6414753800435653,pl46_day13.mov,7.987,994,576,46,No,784
95,13,490.0,0.6285607129071547,pl47_day13.mov,7.987,995,576,47,No,784
96,13,494.0,0.6248660571670476,pl48_day13.mov,7.987,1034,576,48,No,784
97,13,485.0,0.7318974124422255,pl49_day13.mov,7.987,992,576,49,No,784
98,13,491.0,0.6492121257329739,pl50_day13.mov,7.987,996,576,50,No,784
99,13,492.0,0.587685109128412,pl51_day13.mov,7.987,995,576,51,No,784
100,13,490.0,0.6585788647302471,pl52_day13.mov,7.987,995,576,52,No,784
101,13,490.0,0.6354150831737216,pl53_day13.mov,7.987,994,576,53,No,784
102,13,490.0,0.5851651296700475,pl54_day13.mov,7.987,993,576,54,No,784
103,13,489.0,0.5838003497549262,pl55_day13.mov,7.987,993,576,55,No,784
104,13,491.0,0.6063867544882791,pl56_day13.mov,7.987,994,576,56,No,784
105,13,492.0,0.6355862892990409,pl57_day13.mov,7.987,995,576,57,No,784
106,13,490.0,0.5676932085450176,pl58_day13.mov,7.987,996,576,58,No,784
107,13,490.0,0.5540456293453185,pl59_day13.mov,7.987,989,576,59,No,784
108,13,490.0,0.6450422893735286,pl60_day13.mov,7.987,993,576,60,No,784
109,13,492.0,0.5594226403504204,pl61_day13.mov,7.987,994,576,61,No,784
110,13,490.0,0.8334161961926491,pl62_day13.mov,7.987,994,576,62,No,784
111,13,491.0,0.6096161273289276,pl63_day13.mov,7.987,996,576,63,No,784
112,13,491.0,0.649466928550933,pl64_day13.mov,7.987,994,576,64,No,784
113,13,490.0,0.6053424130510087,pl65_day13.mov,7.987,1034,576,65,No,784
114,13,493.0,0.555082027090831,pl66_day13.mov,7.987,994,576,66,No,784
115,13,492.0,0.6178342776875432,pl67_day13.mov,7.987,1005,576,67,No,784
116,13,489.0,0.5630017030276315,pl68_day13.mov,7.987,993,576,68,No,784
117,13,489.0,0.6022322993299722,pl69_day13.mov,7.987,995,576,69,No,784
118,13,491.0,0.6094680638226007,pl70_day13.mov,7.987,996,576,70,No,784
119,13,507.0,0.6284493093255044,pl71_day13.mov,7.987,1007,576,71,No,784
120,13,493.0,0.6500836179853077,pl72_day13.mov,7.987,991,576,72,No,784
121,13,491.0,0.6239481385708826,pl73_day13.mov,7.987,995,576,73,No,784
122,13,490.0,0.6207677401327816,pl74_day13.mov,7.987,994,576,74,No,784
123,13,488.0,0.6582272867991861,plt10_day13.mov,7.987,1003,576,10,No,784
124,13,491.0,0.5688226276020634,plt11_day13.mov,7.987,995,576,11,No,784
125,13,530.0,0.4943378922379882,plt12_day13.mov,7.987,1021,576,12,No,784
126,13,522.0,0.5432847471159928,plt13_day13.mov,7.987,1012,576,13,No,784
127,13,483.0,0.5863871224479189,plt14_day13.mov,7.987,982,576,14,No,784
128,13,491.0,0.5369853658313734,plt15_day13.mov,7.987,988,576,15,No,784
129,13,485.0,0.4761215327029178,plt16_day13.mov,7.987,987,576,16,No,784
130,13,490.0,0.6340103138512475,plt17_day13.mov,7.987,1003,576,17,No,784
131,13,491.0,0.686071834663542,plt18_day13.mov,7.987,987,576,18,No,784
132,13,533.0,0.6793151831296393,plt19_day13.mov,7.987,1046,576,19,No,784
133,13,531.0,0.4942733755061012,plt1_day13.mov,7.987,1037,576,1,No,784
134,13,489.0,0.5085009517548006,plt20_day13.mov,7.987,987,576,20,No,784
135,13,483.0,0.5422295119620709,plt21_day13.mov,7.987,993,576,21,No,784
136,13,513.0,0.5924575077703311,plt22_day13.mov,7.987,1004,576,22,No,784
137,13,553.0,0.4766895205676208,plt23_day13.mov,7.987,1043,576,23,No,784
138,13,485.0,0.5980124111385642,plt24_day13.mov,7.987,1012,576,24,No,784
139,13,488.0,0.6148978655232226,plt25_day13.mov,7.987,988,576,25,No,784
140,13,489.0,0.4898562552442461,plt2_day13.mov,7.987,990,576,2,No,784
141,13,486.0,0.5680949591708059,plt3_day13.mov,7.987,986,576,3,No,784
142,13,602.0,0.4968691742663665,plt4_day13.mov,7.987,1069,576,4,No,784
143,13,486.0,0.4831276084270106,plt5_day13.mov,7.987,1032,576,5,No,784
144,13,485.0,0.6002215504773186,plt6_day13.mov,7.987,988,576,6,No,784
145,13,486.0,0.6250633621841486,plt7_day13.mov,7.987,1000,576,7,No,784
146,13,522.0,0.5844367483993663,plt8_day13.mov,7.987,1011,576,8,No,784
147,13,506.0,0.5750103264612493,plt9_day13.mov,7.987,997,576,9,No,784
148,15,491.0,0.6519035984255008,pl26_day15.mov,7.987,994,576,26,No,784
149,15,490.0,0.5913683233122621,pl27_day15.mov,7.987,995,576,27,No,784
150,15,490.0,0.651755916818571,pl28_day15.mov,7.987,994,576,28,No,784
151,15,492.0,0.6077688679742799,pl29_day15.mov,7.987,995,576,29,No,784
152,15,491.0,0.6148874186771528,pl30_day15.mov,7.987,995,576,30,No,784
153,15,489.0,0.7925233533034134,pl31_day15.mov,7.987,993,576,31,No,784
154,15,493.0,0.6456590709806008,pl32_day15.mov,7.987,999,576,32,No,784
155,15,492.0,0.5466406628506498,pl33_day15.mov,7.987,995,576,33,No,784
156,15,492.0,0.6167757112109105,pl34_day15.mov,7.987,993,576,34,No,784
157,15,491.0,0.6642808860375753,pl35_day15.mov,7.987,1006,576,35,No,784
158,15,497.0,0.6444747800693834,pl36_day15.mov,7.987,999,576,36,No,784
159,15,491.0,0.7362890681421673,pl37_day15.mov,7.987,996,576,37,No,784
160,15,503.0,0.7311155459903138,pl38_day15.mov,7.987,1003,576,38,No,784
161,15,492.0,0.5865815850138264,pl39_day15.mov,7.987,993,576,39,No,784
162,15,491.0,0.857113164004677,pl40_day15.mov,7.987,997,576,40,No,784
163,15,491.0,0.6245030460594496,pl41_day15.mov,7.987,996,576,41,No,784
164,15,495.0,0.7852009612246266,pl42_day15.mov,7.987,993,576,42,No,784
165,15,490.0,0.7911164412437277,pl43_day15.mov,7.987,994,576,43,No,784
166,15,492.0,0.5717567796160022,pl44_day15.mov,7.987,994,576,44,No,784
167,15,491.0,0.8437310030910232,pl45_day15.mov,7.987,996,576,45,No,784
168,15,490.0,0.6263774353673076,pl46_day15.mov,7.987,995,576,46,No,784
169,15,492.0,0.5817504909363456,pl47_day15.mov,7.987,994,576,47,No,784
170,15,505.0,0.6454788172029472,pl48_day15.mov,7.987,1010,576,48,No,784
171,15,498.0,0.719069411552779,pl49_day15.mov,7.987,998,576,49,No,784
172,15,491.0,0.6563512354090202,pl50_day15.mov,7.987,993,576,50,No,784
173,15,490.0,0.6094871010257137,pl51_day15.mov,7.987,996,576,51,No,784
174,15,489.0,0.702111851407349,pl52_day15.mov,7.987,1037,576,52,No,784
175,15,490.0,0.7344032824875506,pl53_day15.mov,7.987,994,576,53,No,784
176,15,492.0,0.6051329156771161,pl54_day15.mov,7.987,997,576,54,No,784
177,15,492.0,0.7044865486914196,pl55_day15.mov,7.987,993,576,55,No,784
178,15,492.0,0.6527814585016509,pl56_day15.mov,7.987,993,576,56,No,784
179,15,490.0,0.7223284521154999,pl57_day15.mov,7.987,993,576,57,No,784
180,15,491.0,0.5672793518677693,pl58_day15.mov,7.987,995,576,58,No,784
181,15,490.0,0.6832105425181191,pl59_day15.mov,7.987,994,576,59,No,784
182,15,488.0,0.6012886987873507,pl60_day15.mov,7.987,994,576,60,No,784
183,15,491.0,0.6089635313315602,pl61_day15.mov,7.987,994,576,61,No,784
184,15,492.0,0.6346964831472269,pl62_day15.mov,7.987,1000,576,62,No,784
185,15,490.0,0.59383893979706,pl63_day15.mov,7.987,1003,576,63,No,784
186,15,492.0,0.6472622784095964,pl64_day15.mov,7.987,994,576,64,No,784
187,15,490.0,0.6127884839456331,pl65_day15.mov,7.987,996,576,65,No,784
188,15,492.0,0.6229853463547115,pl66_day15.mov,7.987,993,576,66,No,784
189,15,490.0,0.7100552031009603,pl67_day15.mov,7.987,996,576,67,No,784
190,15,492.0,0.769749742912121,pl68_day15.mov,7.987,992,576,68,No,784
191,15,494.0,0.5353096198959272,pl69_day15.mov,7.987,996,576,69,No,784
192,15,493.0,0.6131636473934053,pl70_day15.mov,7.987,986,576,70,No,784
193,15,491.0,0.6076286659765896,pl71_day15.mov,7.987,997,576,71,No,784
194,15,493.0,0.6588278171796351,pl72_day15.mov,7.987,1034,576,72,No,784
195,15,492.0,0.5675599170545997,pl73_day15.mov,7.987,988,576,73,No,784
196,15,494.0,0.6431603366357369,pl74_day15.mov,7.987,994,576,74,No,784
197,15,489.0,0.5597600384097221,plt10_day15.mov,7.987,1031,576,10,No,784
198,15,519.0,0.6838161770198729,plt11_day15.mov,7.987,1041,576,11,No,784
199,15,489.0,0.5290123052904651,plt12_day15.mov,7.987,1016,576,12,No,784
200,15,485.0,0.5669734990298646,plt13_day15.mov,7.987,992,576,13,No,784
201,15,489.0,0.56770448938392,plt14_day15.mov,7.987,997,576,14,No,784
202,15,490.0,0.5737808169114332,plt15_day15.mov,7.987,994,576,15,No,784
203,15,501.0,0.5704627516474806,plt16_day15.mov,7.987,995,576,16,No,784
204,15,489.0,0.5639009076996734,plt17_day15.mov,7.987,1002,576,17,No,784
205,15,660.0,0.6868747980176263,plt18_day15.mov,7.987,1133,576,18,No,784
206,15,515.0,0.5862713220707908,plt19_day15.mov,7.987,1013,576,19,No,784
207,15,494.0,0.6143788867970547,plt1_day15.mov,7.987,995,576,1,No,784
208,15,491.0,0.6324420186996751,plt20_day15.mov,7.987,987,576,20,No,784
209,15,434.0,0.6817795275278885,plt21_day15.mov,7.987,995,576,21,No,784
210,15,592.0,0.5348374709766509,plt22_day15.mov,7.987,1084,576,22,No,784
211,15,499.0,0.7637783214648791,plt23_day15.mov,7.987,995,576,23,No,784
212,15,483.0,0.6303788103514948,plt24_day15.mov,7.987,988,576,24,No,784
213,15,488.0,0.5944756609815757,plt25_day15.mov,7.987,993,576,25,No,784
214,15,598.0,0.4937663735921882,plt2_day15.mov,7.987,1082,576,2,No,784
215,15,495.0,0.5613177912669215,plt3_day15.mov,7.987,992,576,3,No,784
216,15,496.0,0.6123412977531509,plt4_day15.mov,7.987,995,576,4,No,784
217,15,615.0,0.6160703351830186,plt5_day15.mov,7.987,1120,576,5,No,784
218,15,489.0,0.6611784515415831,plt6_day15.mov,7.987,1012,576,6,No,784
219,15,497.0,0.6078042814359038,plt7_day15.mov,7.987,1023,576,7,No,784
220,15,563.0,0.6975501298324347,plt8_day15.mov,7.987,1067,576,8,No,784
221,15,486.0,0.6076006317886553,plt9_day15.mov,7.987,996,576,9,No,784
222,17,491.0,0.6454245040991258,pl26_day17.mov,7.987,1009,576,26,No,784
223,17,510.0,0.5928118605252872,pl27_day17.mov,7.987,1002,576,27,No,784
224,17,489.0,0.6824685712285091,pl28_day17.mov,7.987,991,576,28,No,784
225,17,490.0,0.5574809842785349,pl29_day17.mov,7.987,993,576,29,No,784
226,17,492.0,0.6369476968730179,pl30_day17.mov,7.987,1005,576,30,No,784
227,17,489.0,0.6630242580074491,pl31_day17.mov,7.987,993,576,31,No,784
228,17,493.0,0.5970147092043057,pl32_day17.mov,7.987,992,576,32,No,784
229,17,490.0,0.5402090088820543,pl33_day17.mov,7.987,1027,576,33,No,784
230,17,489.0,0.5705838491743463,pl34_day17.mov,7.987,992,576,34,No,784
231,17,489.0,0.6423500318349493,pl35_day17.mov,7.987,993,576,35,No,784
232,17,489.0,0.6250138673541571,pl36_day17.mov,7.987,991,576,36,No,784
233,17,490.0,0.7402859786813613,pl37_day17.mov,7.987,991,576,37,No,784
234,17,491.0,0.6725137805224547,pl38_day17.mov,7.987,993,576,38,No,784
235,17,508.0,0.6322307023535304,pl39_day17.mov,7.987,1008,576,39,No,784
236,17,489.0,0.7273649261919144,pl40_day17.mov,7.987,1035,576,40,No,784
237,17,488.0,0.579619375755271,pl41_day17.mov,7.987,990,576,41,No,784
238,17,501.0,0.6154155150315095,pl42_day17.mov,7.987,1001,576,42,No,784
239,17,490.0,0.6369789758218201,pl43_day17.mov,7.987,993,576,43,No,784
240,17,501.0,0.7111767459389569,pl44_day17.mov,7.987,997,576,44,No,784
241,17,489.0,0.6130694572638368,pl45_day17.mov,7.987,991,576,45,No,784
242,17,489.0,0.7149647266609861,pl46_day17.mov,7.987,993,576,46,No,784
243,17,490.0,0.6242318030357804,pl47_day17.mov,7.987,992,576,47,No,784
244,17,488.0,0.5890705846230871,pl48_day17.mov,7.987,1003,576,48,No,784
245,17,489.0,0.7108872236180148,pl49_day17.mov,7.987,986,576,49,No,784
246,17,491.0,0.6709512856620253,pl50_day17.mov,7.987,988,576,50,No,784
247,17,505.0,0.7798593661356071,pl51_day17.mov,7.987,1045,576,51,No,784
248,17,500.0,0.5677760972988265,pl52_day17.mov,7.987,1044,576,52,No,784
249,17,515.0,0.6485498171515258,pl53_day17.mov,7.987,1073,576,53,No,784
250,17,489.0,0.6756188136462709,pl54_day17.mov,7.987,1042,576,54,No,784
251,17,500.0,0.5874245485263961,pl55_day17.mov,7.987,1044,576,55,No,784
252,17,505.0,0.5669191968056649,pl56_day17.mov,7.987,1042,576,56,No,784
253,17,508.0,0.6639846919549984,pl57_day17.mov,7.987,1031,576,57,No,784
254,17,496.0,0.7457955200308709,pl58_day17.mov,7.987,1046,576,58,No,784
255,17,539.0,0.5789482000777624,pl59_day17.mov,7.987,1126,576,59,No,784
256,17,495.0,0.6430199536996805,pl60_day17.mov,7.987,1042,576,60,No,784
257,17,507.0,0.6656860686079492,pl61_day17.mov,7.987,1042,576,61,No,784
258,17,493.0,0.7038611692798339,pl62_day17.mov,7.987,1005,576,62,No,784
259,17,499.0,0.7440365296654061,pl63_day17.mov,7.987,1051,576,63,No,784
260,17,501.0,0.6170550059718389,pl64_day17.mov,7.987,1044,576,64,No,784
261,17,503.0,0.7271983892336534,pl65_day17.mov,7.987,1044,576,65,No,784
262,17,503.0,0.6399358153976831,pl66_day17.mov,7.987,1047,576,66,No,784
263,17,493.0,0.6363873717418881,pl67_day17.mov,7.987,1007,576,67,No,784
264,17,496.0,0.5972148689358943,pl68_day17.mov,7.987,1044,576,68,No,784
265,17,496.0,0.6611902971419369,pl69_day17.mov,7.987,1026,576,69,No,784
266,17,493.0,0.6016991986782337,pl70_day17.mov,7.987,1044,576,70,No,784
267,17,496.0,0.659764172448736,pl71_day17.mov,7.987,1037,576,71,No,784
268,17,501.0,0.6779830921931379,pl72_day17.mov,7.987,1095,576,72,No,784
269,17,490.0,0.6628778108301886,pl73_day17.mov,7.987,1042,576,73,No,784
270,17,490.0,0.5889801016918484,pl74_day17.mov,7.987,1041,576,74,No,784
271,17,483.0,0.6535676360599924,plt10_day17.mov,7.987,1003,576,10,No,784
272,17,560.0,0.5703556187822248,plt11_day17.mov,7.987,1058,576,11,No,784
273,17,499.0,0.531318184147989,plt12_day17.mov,7.987,986,576,12,No,784
274,17,666.0,0.5512464556503904,plt13_day17.mov,7.987,1168,576,13,No,784
275,17,485.0,0.5681869547982916,plt14_day17.mov,7.987,1005,576,14,No,784
276,17,490.0,0.5538243497569979,plt15_day17.mov,7.987,1001,576,15,No,784
277,17,489.0,0.5135981163012403,plt16_day17.mov,7.987,1004,576,16,No,784
278,17,488.0,0.5480082228985669,plt17_day17.mov,7.987,985,576,17,No,784
279,17,493.0,0.5919007454246624,plt18_day17.mov,7.987,1007,576,18,No,784
280,17,508.0,0.5087124275939492,plt19_day17.mov,7.987,1008,576,19,No,784
281,17,589.0,0.5143863784752384,plt1_day17.mov,7.987,1129,576,1,No,784
282,17,560.0,0.6368871401865793,plt20_day17.mov,7.987,1044,576,20,No,784
283,17,481.0,0.6441744417626352,plt21_day17.mov,7.987,1003,576,21,No,784
284,17,485.0,0.6515676026227902,plt22_day17.mov,7.987,989,576,22,No,784
285,17,495.0,0.5426930530980946,plt23_day17.mov,7.987,1003,576,23,No,784
286,17,514.0,0.5732749975001495,plt24_day17.mov,7.987,1008,576,24,No,784
287,17,492.0,0.5576244400647199,plt25_day17.mov,7.987,998,576,25,No,784
288,17,502.0,0.5243289552246165,plt2_day17.mov,7.987,1002,576,2,No,784
289,17,501.0,0.5814943277405028,plt3_day17.mov,7.987,995,576,3,No,784
290,17,514.0,0.6021934303068381,plt4_day17.mov,7.987,1004,576,4,No,784
291,17,503.0,0.5195183779671432,plt5_day17.mov,7.987,1003,576,5,No,784
292,17,513.0,0.5582530182104722,plt6_day17.mov,7.987,1015,576,6,No,784
293,17,507.0,0.4727000781473151,plt7_day17.mov,7.987,994,576,7,No,784
294,17,485.0,0.5824355644578579,plt8_day17.mov,7.987,1003,576,8,No,784
295,17,487.0,0.5477026366458249,plt9_day17.mov,7.987,1025,576,9,No,784
296,19,491.0,0.6013466458930269,pl10_day19.mov,7.987,993,576,10,No,784
297,19,500.0,0.7823781805140347,pl11_day19.mov,7.987,997,576,11,No,784
298,19,498.0,0.6444763625288337,pl12_day19.mov,7.987,984,576,12,No,784
299,19,494.0,0.4909900518233346,pl13_day19.mov,7.987,988,576,13,No,784
300,19,506.0,0.6889717928521255,pl14_day19.mov,7.987,1004,576,14,No,784
301,19,494.0,0.5822208606377043,pl15_day19.mov,7.987,996,576,15,No,784
302,19,507.0,0.5925939731411121,pl16_day19.mov,7.987,1007,576,16,No,784
303,19,489.0,0.6610669666348402,pl17_day19.mov,7.987,993,576,17,No,784
304,19,514.0,0.5972195072734072,pl18_day19.mov,7.987,1013,576,18,No,784
305,19,514.0,0.5469595398843327,pl19_day19.mov,7.987,1010,576,19,No,784
306,19,490.0,0.5856876983114108,pl1_day19.mov,7.987,987,576,1,No,784
307,19,493.0,0.5601716829987973,pl20_day19.mov,7.987,1003,576,20,No,784
308,19,495.0,0.6485632197989463,pl21_day19.mov,7.987,1000,576,21,No,784
309,19,463.0,0.5187586069006187,pl22_day19.mov,7.987,1038,576,22,No,784
310,19,505.0,0.580960432908991,pl23_day19.mov,7.987,1008,576,23,No,784
311,19,494.0,0.5726366576726709,pl24_day19.mov,7.987,990,576,24,No,784
312,19,483.0,0.59355754122696,pl25_day19.mov,7.987,994,576,25,No,784
313,19,490.0,0.6025820208944888,pl26_day19.mov,7.987,984,576,26,No,784
314,19,532.0,0.5458324363623693,pl27_day19.mov,7.987,1048,576,27,No,784
315,19,485.0,0.5805408293399184,pl28_day19.mov,7.987,995,576,28,No,784
316,19,493.0,0.6026852196261512,pl29_day19.mov,7.987,994,576,29,No,784
317,19,503.0,0.5567597228095492,pl2_day19.mov,7.987,1003,576,2,No,784
318,19,547.0,0.6134256585966922,pl30_day19.mov,7.987,1082,576,30,No,784
319,19,485.0,0.5399272392472034,pl31_day19.mov,7.987,992,576,31,No,784
320,19,487.0,0.6205382304476845,pl32_day19.mov,7.987,994,576,32,No,784
321,19,489.0,0.6732428982075098,pl33_day19.mov,7.987,990,576,33,No,784
322,19,488.0,0.5749430532442692,pl34_day19.mov,7.987,1009,576,34,No,784
323,19,485.0,0.5705283490203688,pl35_day19.mov,7.987,1007,576,35,No,784
324,19,484.0,0.6427707266383146,pl36_day19.mov,7.987,986,576,36,No,784
325,19,486.0,0.586352890952459,pl37_day19.mov,7.987,992,576,37,No,784
326,19,494.0,0.5338616588096564,pl38_day19.mov,7.987,1000,576,38,No,784
327,19,487.0,0.5578986420923054,pl39_day19.mov,7.987,994,576,39,No,784
328,19,486.0,0.5428430983709964,pl3_day19.mov,7.987,994,576,3,No,784
329,19,485.0,0.6536785662028394,pl40_day19.mov,7.987,988,576,40,No,784
330,19,493.0,0.5432506675241021,pl41_day19.mov,7.987,994,576,41,No,784
331,19,486.0,0.5571115050205799,pl42_day19.mov,7.987,986,576,42,No,784
332,19,485.0,0.5871636426696489,pl43_day19.mov,7.987,1001,576,43,No,784
333,19,493.0,0.6384993696192967,pl44_day19.mov,7.987,1003,576,44,No,784
334,19,482.0,0.5606003836859048,pl45_day19.mov,7.987,992,576,45,No,784
335,19,508.0,0.5770059177965825,pl46_day19.mov,7.987,1018,576,46,No,784
336,19,486.0,0.6079264814937396,pl47_day19.mov,7.987,1006,576,47,No,784
337,19,488.0,0.7288216572625471,pl48_day19.mov,7.987,994,576,48,No,784
338,19,485.0,0.5575721499021228,pl49_day19.mov,7.987,986,576,49,No,784
339,19,503.0,0.5864043831929148,pl4_day19.mov,7.987,995,576,4,No,784
340,19,484.0,0.5368482767554497,pl50_day19.mov,7.987,986,576,50,No,784
341,19,490.0,0.7224759620032751,pl51_day19.mov,7.987,993,576,51,No,784
342,19,494.0,0.6931684640325966,pl52_day19.mov,7.987,995,576,52,No,784
343,19,489.0,0.5917315894230925,pl53_day19.mov,7.987,994,576,53,No,784
344,19,492.0,0.5707479239137236,pl54_day19.mov,7.987,994,576,54,No,784
345,19,490.0,0.6304328418884784,pl55_day19.mov,7.987,986,576,55,No,784
346,19,493.0,0.6543697318956243,pl56_day19.mov,7.987,996,576,56,No,784
347,19,491.0,0.576160341644709,pl57_day19.mov,7.987,1008,576,57,No,784
348,19,492.0,0.6097578390299386,pl58_day19.mov,7.987,986,576,58,No,784
349,19,488.0,0.6407967673475174,pl59_day19.mov,7.987,995,576,59,No,784
350,19,492.0,0.7345302855999729,pl5_day19.mov,7.987,993,576,5,No,784
351,19,490.0,0.6006974878754796,pl60_day19.mov,7.987,991,576,60,No,784
352,19,486.0,0.5183750206947224,pl61_day19.mov,7.987,994,576,61,No,784
353,19,489.0,0.7561253269116541,pl62_day19.mov,7.987,991,576,62,No,784
354,19,490.0,0.7508414662290294,pl63_day19.mov,7.987,995,576,63,No,784
355,19,493.0,0.6422341298782188,pl64_day19.mov,7.987,991,576,64,No,784
356,19,490.0,0.6712423429698037,pl65_day19.mov,7.987,994,576,65,No,784
357,19,491.0,0.8481126367230858,pl66_day19.mov,7.987,999,576,66,No,784
358,19,489.0,0.6828594238124157,pl67_day19.mov,7.987,991,576,67,No,784
359,19,490.0,0.6922695435320625,pl68_day19.mov,7.987,993,576,68,No,784
360,19,492.0,0.6061147757143162,pl69_day19.mov,7.987,992,576,69,No,784
361,19,501.0,0.6704649783006624,pl6_day19.mov,7.987,998,576,6,No,784
362,19,485.0,0.8329047023662932,pl70_day19.mov,7.987,984,576,70,No,784
363,19,488.0,0.6749268455792485,pl71_day19.mov,7.987,995,576,71,No,784
364,19,490.0,0.5827058748302447,pl72_day19.mov,7.987,992,576,72,No,784
365,19,489.0,0.6859784708492203,pl73_day19.mov,7.987,993,576,73,No,784
366,19,489.0,0.5503040911015601,pl74_day19.mov,7.987,994,576,74,No,784
367,19,519.0,0.5204867128690973,pl7_day19.mov,7.987,1040,576,7,No,784
368,19,484.0,0.5802695095954326,pl8_day19.mov,7.987,985,576,8,No,784
369,19,487.0,0.5387727399434401,pl9_day19.mov,7.987,994,576,9,No,784
370,21,488.0,0.6129790620259498,pl26_day21.mov,7.987,994,576,26,No,784
371,21,490.0,0.5951096852059825,pl27_day21.mov,7.987,985,576,27,No,784
372,21,489.0,0.5950489665905836,pl28_day21.mov,7.987,992,576,28,No,784
373,21,489.0,0.6211864005973499,pl29_day21.mov,7.987,992,576,29,No,784
374,21,489.0,0.6528273254264181,pl30_day21.mov,7.987,987,576,30,No,784
375,21,490.0,0.5902695435929955,pl31_day21.mov,7.987,992,576,31,No,784
376,21,496.0,0.5187845751072476,pl32_day21.mov,7.987,995,576,32,No,784
377,21,492.0,0.5762424322007215,pl33_day21.mov,7.987,986,576,33,No,784
378,21,490.0,0.6845428218791562,pl34_day21.mov,7.987,991,576,34,No,784
379,21,492.0,0.6460515849256269,pl35_day21.mov,7.987,992,576,35,No,784
380,21,489.0,0.6385805727799807,pl36_day21.mov,7.987,993,576,36,No,784
381,21,491.0,0.7031316711859694,pl37_day21.mov,7.987,987,576,37,No,784
382,21,490.0,0.7990423534571198,pl38_day21.mov,7.987,985,576,38,No,784
383,21,488.0,0.5637104762504052,pl39_day21.mov,7.987,989,576,39,No,784
384,21,490.0,0.685968626610838,pl40_day21.mov,7.987,994,576,40,No,784
385,21,490.0,0.6754738459762192,pl41_day21.mov,7.987,993,576,41,No,784
386,21,491.0,0.6089632919400354,pl42_day21.mov,7.987,990,576,42,No,784
387,21,491.0,0.8043555565775398,pl43_day21.mov,7.987,993,576,43,No,784
388,21,491.0,0.6203992002959778,pl44_day21.mov,7.987,989,576,44,No,784
389,21,491.0,0.6356392242441801,pl45_day21.mov,7.987,988,576,45,No,784
390,21,489.0,0.6183943126250439,pl46_day21.mov,7.987,993,576,46,No,784
391,21,491.0,0.6687182249125319,pl47_day21.mov,7.987,987,576,47,No,784
392,21,492.0,0.5913865773809528,pl48_day21.mov,7.987,986,576,48,No,784
393,21,488.0,0.6299236890879222,pl49_day21.mov,7.987,989,576,49,No,784
394,21,490.0,0.58411891922811,pl50_day21.mov,7.987,988,576,50,No,784
395,21,492.0,0.6769359648477271,pl51_day21.mov,7.987,991,576,51,No,784
396,21,492.0,0.614852695242019,pl52_day21.mov,7.987,991,576,52,No,784
397,21,492.0,0.7230994065712566,pl53_day21.mov,7.987,993,576,53,No,784
398,21,492.0,0.5997090807809342,pl54_day21.mov,7.987,985,576,54,No,784
399,21,493.0,0.6942005747991803,pl55_day21.mov,7.987,984,576,55,No,784
400,21,490.0,0.6344702818405564,pl56_day21.mov,7.987,986,576,56,No,784
401,21,491.0,0.6103529752739046,pl57_day21.mov,7.987,987,576,57,No,784
402,21,491.0,0.6482137046037496,pl58_day21.mov,7.987,987,576,58,No,784
403,21,491.0,0.6128855930619109,pl59_day21.mov,7.987,986,576,59,No,784
404,21,493.0,0.6770315978003101,pl60_day21.mov,7.987,986,576,60,No,784
405,21,491.0,0.7025645935827866,pl61_day21.mov,7.987,985,576,61,No,784
406,21,491.0,0.6032975531206497,pl62_day21.mov,7.987,988,576,62,No,784
407,21,492.0,0.5704823124711312,pl63_day21.mov,7.987,987,576,63,No,784
408,21,490.0,0.7653965921533278,pl64_day21.mov,7.987,984,576,64,No,784
409,21,491.0,0.6467708857515022,pl65_day21.mov,7.987,986,576,65,No,784
410,21,490.0,0.6063450436455758,pl66_day21.mov,7.987,988,576,66,No,784
411,21,493.0,0.6836073768406314,pl67_day21.mov,7.987,986,576,67,No,784
412,21,492.0,0.6877939250254266,pl68_day21.mov,7.987,987,576,68,No,784
413,21,492.0,0.6006952845736223,pl69_day21.mov,7.987,988,576,69,No,784
414,21,487.0,0.6812455131817421,pl70_day21.mov,7.987,986,576,70,No,784
415,21,489.0,0.6125078807994285,pl71_day21.mov,7.987,994,576,71,No,784
416,21,490.0,0.6572234627031045,pl72_day21.mov,7.987,987,576,72,No,784
417,21,492.0,0.6068513192334014,pl73_day21.mov,7.987,987,576,73,No,784
418,21,503.0,0.5990901493620764,pl74_day21.mov,7.987,1002,576,74,No,784
419,21,499.0,0.5392734181310646,plt10_day21.mov,7.987,1011,576,10,No,784
420,21,583.0,0.581019053119699,plt11_day21.mov,7.987,1086,576,11,No,784
421,21,483.0,0.5441759794592864,plt12_day21.mov,7.987,1002,576,12,No,784
422,21,495.0,0.6021331971381404,plt13_day21.mov,7.987,1013,576,13,No,784
423,21,485.0,0.5385000474386072,plt14_day21.mov,7.987,1003,576,14,No,784
424,21,647.0,0.5498362950446294,plt15_day21.mov,7.987,1211,576,15,No,784
425,21,490.0,0.6016384588380064,plt16_day21.mov,7.987,1003,576,16,No,784
426,21,507.0,0.5695118895436602,plt17_day21.mov,7.987,1022,576,17,No,784
427,21,490.0,0.5145981423646652,plt18_day21.mov,7.987,1008,576,18,No,784
428,21,483.0,0.6222331358738361,plt19_day21.mov,7.987,1020,576,19,No,784
429,21,505.0,0.5475937890462763,plt1_day21.mov,7.987,1011,576,1,No,784
430,21,484.0,0.5579211271913123,plt20_day21.mov,7.987,1005,576,20,No,784
431,21,489.0,0.5375029092198601,plt21_day21.mov,7.987,1001,576,21,No,784
432,21,541.0,0.5066368064632127,plt22_day21.mov,7.987,1042,576,22,No,784
433,21,514.0,0.5878251677960975,plt23_day21.mov,7.987,995,576,23,No,784
434,21,481.0,0.5768929357101586,plt24_day21.mov,7.987,1007,576,24,No,784
435,21,474.0,0.5332801407355626,plt25_day21.mov,7.987,1003,576,25,No,784
436,21,492.0,0.6014230853175501,plt2_day21.mov,7.987,985,576,2,No,784
437,21,491.0,0.5426068796217451,plt3_day21.mov,7.987,1002,576,3,No,784
438,21,523.0,0.5539967689382963,plt4_day21.mov,7.987,1019,576,4,No,784
439,21,488.0,0.6053144441683957,plt5_day21.mov,7.987,1011,576,5,No,784
440,21,507.0,0.5654250519031345,plt6_day21.mov,7.987,1027,576,6,No,784
441,21,480.0,0.5753914568617219,plt7_day21.mov,7.987,1002,576,7,No,784
442,21,511.0,0.5588225165868815,plt8_day21.mov,7.987,1003,576,8,No,784
443,21,512.0,0.6660502162150168,plt9_day21.mov,7.987,1021,576,9,No,784
444,5,510.0,0.5049413944251303,pl10_day5.mov,7.987,1027,576,10,No,784
445,5,500.0,0.5138548344451407,pl11_day5.mov,7.987,1006,576,11,No,784
446,5,493.0,0.557979505752518,pl12_day5.mov,7.987,1003,576,12,No,784
447,5,479.0,0.5438889119200967,pl13_day5.mov,7.987,988,576,13,No,784
448,5,501.0,0.5760726607462371,pl14_day5.mov,7.987,1015,576,14,No,784
449,5,494.0,0.5668484893854847,pl15_day5.mov,7.987,1001,576,15,No,784
450,5,493.0,0.6067726989516359,pl16_day5.mov,7.987,999,576,16,No,784
451,5,499.0,0.61932465607989,pl17_day5.mov,7.987,1004,576,17,No,784
452,5,493.0,0.6511549901391371,pl18_day5.mov,7.987,1006,576,18,No,784
453,5,506.0,0.6180322976884767,pl19_day5.mov,7.987,1009,576,19,No,784
454,5,498.0,0.5891776637777416,pl1_day5.mov,7.987,1001,576,1,No,784
455,5,503.0,0.5921964215241897,pl20_day5.mov,7.987,1002,576,20,No,784
456,5,499.0,0.5824884897768758,pl21_day5.mov,7.987,996,576,21,No,784
457,5,505.0,0.5578701055900079,pl22_day5.mov,7.987,1074,576,22,No,784
458,5,517.0,0.5703484549332271,pl23_day5.mov,7.987,1012,576,23,No,784
459,5,487.0,0.6741870201720352,pl24_day5.mov,7.987,997,576,24,No,784
460,5,477.0,0.5358487025582289,pl25_day5.mov,7.987,986,576,25,No,784
461,5,493.0,0.5643455292873141,pl26_day5.mov,7.987,1023,576,26,No,784
462,5,491.0,0.6837445263080877,pl27_day5.mov,7.987,996,576,27,No,784
463,5,491.0,0.5736692604479785,pl28_day5.mov,7.987,987,576,28,No,784
464,5,500.0,0.5456323712041632,pl29_day5.mov,7.987,994,576,29,No,784
465,5,508.0,0.5539540404211667,pl2_day5.mov,7.987,1004,576,2,No,784
466,5,515.0,0.6235156717550489,pl30_day5.mov,7.987,1050,576,30,No,784
467,5,490.0,0.6217936149467636,pl31_day5.mov,7.987,986,576,31,No,784
468,5,517.0,0.5932598299793069,pl32_day5.mov,7.987,1059,576,32,No,784
469,5,490.0,0.6988830147213391,pl33_day5.mov,7.987,983,576,33,No,784
470,5,483.0,0.6033056678189671,pl34_day5.mov,7.987,977,576,34,No,784
471,5,506.0,0.7204138815203968,pl35_day5.mov,7.987,1003,576,35,No,784
472,5,615.0,0.6669244569099307,pl36_day5.mov,7.987,1124,576,36,No,784
473,5,492.0,0.5752540734476631,pl37_day5.mov,7.987,984,576,37,No,784
474,5,487.0,0.6580226147917373,pl38_day5.mov,7.987,985,576,38,No,784
475,5,485.0,0.5957457532303114,pl39_day5.mov,7.987,985,576,39,No,784
476,5,485.0,0.5721830242152742,pl3_day5.mov,7.987,1000,576,3,No,784
477,5,583.0,0.5552710660421127,pl40_day5.mov,7.987,1083,576,40,No,784
478,5,504.0,0.565079619523968,pl41_day5.mov,7.987,1000,576,41,No,784
479,5,543.0,0.5889833849619284,pl42_day5.mov,7.987,1049,576,42,No,784
480,5,496.0,0.5603028327900174,pl43_day5.mov,7.987,987,576,43,No,784
481,5,493.0,0.6197412031361982,pl44_day5.mov,7.987,990,576,44,No,784
482,5,487.0,0.6156147192729025,pl45_day5.mov,7.987,984,576,45,No,784
483,5,526.0,0.5349592500273167,pl46_day5.mov,7.987,1025,576,46,No,784
484,5,488.0,0.5703434339220957,pl47_day5.mov,7.987,987,576,47,No,784
485,5,489.0,0.5952434253770768,pl48_day5.mov,7.987,1002,576,48,No,784
486,5,490.0,0.6324312845100395,pl49_day5.mov,7.987,989,576,49,No,784
487,5,513.0,0.6140951958269817,pl4_day5.mov,7.987,1017,576,4,No,784
488,5,492.0,0.681205467572306,pl50_day5.mov,7.987,986,576,50,No,784
489,5,495.0,0.634870497975776,pl51_day5.mov,7.987,1001,576,51,No,784
490,5,514.0,0.5799348318816616,pl52_day5.mov,7.987,1049,576,52,No,784
491,5,508.0,0.6408083165204117,pl53_day5.mov,7.987,1053,576,53,No,784
492,5,523.0,0.6150894449023921,pl54_day5.mov,7.987,1054,576,54,No,784
493,5,482.0,0.5715836031389924,pl55_day5.mov,7.987,1001,576,55,No,784
494,6,520.0,0.6273749337144975,pl56_day6.mov,7.987,1022,576,56,No,784
495,5,505.0,0.5535551519266619,pl57_day5.mov,7.987,1062,576,57,No,784
496,5,500.0,0.6712086888286101,pl58_day5.mov,7.987,1030,576,58,No,784
497,5,572.0,0.5722314823022854,pl59_day5.mov,7.987,1122,576,59,No,784
498,5,550.0,0.5618367456226179,pl5_day5.mov,7.987,1042,576,5,No,784
499,5,493.0,0.5623189765042341,pl60_day5.mov,7.987,1003,576,60,No,784
500,5,490.0,0.6204717600548609,pl61_day5.mov,7.987,1003,576,61,No,784
501,5,490.0,0.5387327674760362,pl62_day5.mov,7.987,987,576,62,No,784
502,5,494.0,0.5393229928799376,pl63_day5.mov,7.987,1019,576,63,No,784
503,5,510.0,0.6566519580845266,pl64_day5.mov,7.987,1040,576,64,No,784
504,5,488.0,0.5751262512989866,pl65_day5.mov,7.987,989,576,65,No,784
505,5,491.0,0.6388078390197102,pl66_day5.mov,7.987,1042,576,66,No,784
506,5,485.0,0.6538729474866621,pl67_day5.mov,7.987,1015,576,67,No,784
507,5,561.0,0.6173260565864159,pl68_day5.mov,7.987,1059,576,68,No,784
508,5,550.0,0.6621628232244937,pl69_day5.mov,7.987,1077,576,69,No,784
509,5,497.0,0.567864779589031,pl6_day5.mov,7.987,1003,576,6,No,784
510,5,493.0,0.7860081433311942,pl70_day5.mov,7.987,1001,576,70,No,784
511,5,492.0,0.6702054266556966,pl71_day5.mov,7.987,1000,576,71,No,784
512,5,510.0,0.5151763372303169,pl72_day5.mov,7.987,1078,576,72,No,784
513,5,493.0,0.681103737524878,pl73_day5.mov,7.987,1000,576,73,No,784
514,5,503.0,0.886602288720598,pl74_day5.mov,7.987,996,576,74,No,784
515,5,496.0,0.6542951001464653,pl7_day5.mov,7.987,997,576,7,No,784
516,5,512.0,0.5594650458212673,pl8_day5.mov,7.987,1012,576,8,No,784
517,5,497.0,0.5122162332214015,pl9_day5.mov,7.987,1008,576,9,No,784
518,7,488.0,0.6464097371543953,pl26_day7.mov,7.987,998,576,26,No,784
519,7,491.0,0.6869141777955096,pl27_day7.mov,7.987,994,576,27,No,784
520,7,489.0,0.639655278553017,pl28_day7.mov,7.987,994,576,28,No,784
521,7,490.0,0.7074263072362741,pl29_day7.mov,7.987,997,576,29,No,784
522,7,492.0,0.5949352385642659,pl30_day7.mov,7.987,992,576,30,No,784
523,7,489.0,0.683031586472001,pl31_day7.mov,7.987,990,576,31,No,784
524,7,490.0,0.6158330159169156,pl32_day7.mov,7.987,994,576,32,No,784
525,7,486.0,0.6648361594391735,pl33_day7.mov,7.987,1046,576,33,No,784
526,7,490.0,0.6045355973209026,pl34_day7.mov,7.987,996,576,34,No,784
527,7,489.0,0.607066404067572,pl35_day7.mov,7.987,994,576,35,No,784
528,7,498.0,0.5808822682725978,pl36_day7.mov,7.987,1001,576,36,No,784
529,7,493.0,0.5921942052321333,pl37_day7.mov,7.987,1028,576,37,No,784
530,7,484.0,0.6414640123823006,pl38_day7.mov,7.987,999,576,38,No,784
531,7,490.0,0.5568653770582127,pl39_day7.mov,7.987,996,576,39,No,784
532,7,489.0,0.6522224396509634,pl40_day7.mov,7.987,993,576,40,No,784
533,7,485.0,0.610299590021177,pl41_day7.mov,7.987,996,576,41,No,784
534,7,490.0,0.5654462599555234,pl42_day7.mov,7.987,994,576,42,No,784
535,7,493.0,0.5637598545980119,pl43_day7.mov,7.987,1002,576,43,No,784
536,7,490.0,0.7056282832677232,pl44_day7.mov,7.987,1059,576,44,No,784
537,7,490.0,0.6126261442575801,pl45_day7.mov,7.987,994,576,45,No,784
538,7,500.0,0.6271973239088529,pl46_day7.mov,7.987,1003,576,46,No,784
539,7,492.0,0.8125124528357882,pl47_day7.mov,7.987,998,576,47,No,784
540,7,487.0,0.5950471950630444,pl48_day7.mov,7.987,1037,576,48,No,784
541,7,490.0,0.5761082915549994,pl49_day7.mov,7.987,997,576,49,No,784
542,7,491.0,0.5968076106495378,pl50_day7.mov,7.987,1000,576,50,No,784
543,7,486.0,0.5897080327561489,pl51_day7.mov,7.987,1037,576,51,No,784
544,7,507.0,0.8034456727262684,pl52_day7.mov,7.987,1047,576,52,No,784
545,7,496.0,0.5604741077148526,pl53_day7.mov,7.987,1045,576,53,No,784
546,7,496.0,0.607584239969986,pl54_day7.mov,7.987,1044,576,54,No,784
547,7,487.0,0.6453008295966539,pl55_day7.mov,7.987,1036,576,55,No,784
548,7,489.0,0.514356999327669,pl56_day7.mov,7.987,1029,576,56,No,784
549,7,492.0,0.6319608336505013,pl57_day7.mov,7.987,1045,576,57,No,784
550,7,486.0,0.6333498823903044,pl58_day7.mov,7.987,1035,576,58,No,784
551,7,482.0,0.6688228379425135,pl59_day7.mov,7.987,1038,576,59,No,784
552,7,485.0,0.5766189995696425,pl60_day7.mov,7.987,1037,576,60,No,784
553,7,497.0,0.5967941054007584,pl61_day7.mov,7.987,1045,576,61,No,784
554,7,492.0,0.5520365485936695,pl62_day7.mov,7.987,1045,576,62,No,784
555,7,487.0,0.6028832228487125,pl63_day7.mov,7.987,1037,576,63,No,784
556,7,491.0,0.5737069333794416,pl64_day7.mov,7.987,1044,576,64,No,784
557,7,489.0,0.6804443454341379,pl65_day7.mov,7.987,1045,576,65,No,784
558,7,489.0,0.5550873932934606,pl66_day7.mov,7.987,1037,576,66,No,784
559,7,485.0,0.6153122680896892,pl67_day7.mov,7.987,1044,576,67,No,784
560,7,495.0,0.6341610287679553,pl68_day7.mov,7.987,1045,576,68,No,784
561,7,484.0,0.6161298343012115,pl69_day7.mov,7.987,1029,576,69,No,784
562,7,487.0,0.7701805651317899,pl70_day7.mov,7.987,1037,576,70,No,784
563,7,488.0,0.5273158147899897,pl71_day7.mov,7.987,1037,576,71,No,784
564,7,487.0,0.5452024918091526,pl72_day7.mov,7.987,1037,576,72,No,784
565,7,515.0,0.690479382220639,pl73_day7.mov,7.987,1061,576,73,No,784
566,7,485.0,0.6092521833765071,pl74_day7.mov,7.987,1037,576,74,No,784
567,7,496.0,0.5655825374083648,plt10_day7.mov,7.987,981,576,10,No,784
568,7,492.0,0.6017198165093471,plt11_day7.mov,7.987,987,576,11,No,784
569,7,490.0,0.5523218648489872,plt12_day7.mov,7.987,987,576,12,No,784
570,7,497.0,0.5451937693295411,plt13_day7.mov,7.987,990,576,13,No,784
571,7,491.0,0.6330779998958291,plt14_day7.mov,7.987,980,576,14,No,784
572,7,498.0,0.6937218281723949,plt15_day7.mov,7.987,990,576,15,No,784
573,7,492.0,0.5638392493975696,plt16_day7.mov,7.987,985,576,16,No,784
574,7,486.0,0.5904930070721367,plt17_day7.mov,7.987,979,576,17,No,784
575,7,502.0,0.5804892746801082,plt18_day7.mov,7.987,995,576,18,No,784
576,7,488.0,0.696179770583837,plt19_day7.mov,7.987,988,576,19,No,784
577,7,488.0,0.6072876533693514,plt1_day7.mov,7.987,979,576,1,No,784
578,7,498.0,0.6407142409985523,plt20_day7.mov,7.987,993,576,20,No,784
579,7,490.0,0.5617007453984634,plt21_day7.mov,7.987,992,576,21,No,784
580,7,490.0,0.6689299071893121,plt22_day7.mov,7.987,989,576,22,No,784
581,7,497.0,0.523010816124228,plt23_day7.mov,7.987,989,576,23,No,784
582,7,493.0,0.48944772579746426,plt24_day7.mov,7.987,990,576,24,No,784
583,7,563.0,0.6658075600686459,plt25_day7.mov,7.987,1046,576,25,No,784
584,7,501.0,0.6780204511272628,plt2_day7.mov,7.987,1037,576,2,No,784
585,7,487.0,0.6774579523708735,plt3_day7.mov,7.987,979,576,3,No,784
586,7,485.0,0.5048731248880083,plt4_day7.mov,7.987,988,576,4,No,784
587,7,488.0,0.6123933897374084,plt5_day7.mov,7.987,995,576,5,No,784
588,7,490.0,0.5182791486417494,plt6_day7.mov,7.987,986,576,6,No,784
589,7,490.0,0.6113380496114066,plt7_day7.mov,7.987,987,576,7,No,784
590,7,491.0,0.5403311660914429,plt8_day7.mov,7.987,982,576,8,No,784
591,7,508.0,0.6762800495511916,plt9_day7.mov,7.987,986,576,9,No,784
592,9,492.0,0.7464654924322918,pl26_day9.mov,7.987,994,576,26,No,784
593,9,489.0,0.5364020487398867,pl27_day9.mov,7.987,995,576,27,No,784
594,9,491.0,0.7377593448036136,pl28_day9.mov,7.987,993,576,28,No,784
595,9,492.0,0.7268923877153953,pl29_day9.mov,7.987,994,576,29,No,784
596,9,489.0,0.6350927252920137,pl30_day9.mov,7.987,995,576,30,No,784
597,9,490.0,0.693948680301271,pl31_day9.mov,7.987,996,576,31,No,784
598,9,491.0,0.6873100729778988,pl32_day9.mov,7.987,993,576,32,No,784
599,9,527.0,0.568424580528039,pl33_day9.mov,7.987,1039,576,33,No,784
600,9,492.0,0.6378244406617692,pl34_day9.mov,7.987,994,576,34,No,784
601,9,504.0,0.6064974997643782,pl35_day9.mov,7.987,1014,576,35,No,784
602,9,490.0,0.5573771624304281,pl36_day9.mov,7.987,993,576,36,No,784
603,9,489.0,0.522766960703478,pl37_day9.mov,7.987,991,576,37,No,784
604,9,490.0,0.5702411244458483,pl38_day9.mov,7.987,994,576,38,No,784
605,9,491.0,0.5652043320163477,pl39_day9.mov,7.987,1055,576,39,No,784
606,9,493.0,0.5793348390121593,pl40_day9.mov,7.987,993,576,40,No,784
607,9,493.0,0.78786488299793,pl41_day9.mov,7.987,999,576,41,No,784
608,9,493.0,0.6623121166178014,pl42_day9.mov,7.987,993,576,42,No,784
609,9,490.0,0.6177368488152211,pl43_day9.mov,7.987,994,576,43,No,784
610,9,487.0,0.5640938341086433,pl44_day9.mov,7.987,998,576,44,No,784
611,9,490.0,0.6152394456556471,pl45_day9.mov,7.987,994,576,45,No,784
612,9,492.0,0.6146527882427485,pl46_day9.mov,7.987,994,576,46,No,784
613,9,492.0,0.6557624965378829,pl47_day9.mov,7.987,993,576,47,No,784
614,9,499.0,0.6659080979200825,pl48_day9.mov,7.987,1010,576,48,No,784
615,9,491.0,0.5931890490526175,pl49_day9.mov,7.987,994,576,49,No,784
616,9,490.0,0.5528355641636395,pl50_day9.mov,7.987,994,576,50,No,784
617,9,489.0,0.5779917624379945,pl51_day9.mov,7.987,999,576,51,No,784
618,9,496.0,0.611566468637889,pl52_day9.mov,7.987,1006,576,52,No,784
619,9,491.0,0.6143370123466194,pl53_day9.mov,7.987,973,576,53,No,784
620,9,500.0,0.5874122772335539,pl54_day9.mov,7.987,1003,576,54,No,784
621,9,489.0,0.7039028817681496,pl55_day9.mov,7.987,994,576,55,No,784
622,9,490.0,0.6375608264108993,pl56_day9.mov,7.987,993,576,56,No,784
623,9,491.0,0.6287481443490279,pl57_day9.mov,7.987,996,576,57,No,784
624,9,491.0,0.6635129605461451,pl58_day9.mov,7.987,994,576,58,No,784
625,9,489.0,0.6167227655181836,pl59_day9.mov,7.987,990,576,59,No,784
626,9,489.0,0.6167245314016627,pl60_day9.mov,7.987,994,576,60,No,784
627,9,408.0,0.9603023612352651,pl61_day9.mov,7.987,739,576,61,No,784
628,9,525.0,0.5439299459882746,pl62_day9.mov,7.987,1061,576,62,No,784
629,9,492.0,0.569812598189356,pl63_day9.mov,7.987,993,576,63,No,784
630,9,491.0,0.5374960442891348,pl64_day9.mov,7.987,994,576,64,No,784
631,9,490.0,0.5807710583588314,pl65_day9.mov,7.987,993,576,65,No,784
632,9,491.0,0.611993670134474,pl66_day9.mov,7.987,993,576,66,No,784
633,9,486.0,0.5821531106746208,pl67_day9.mov,7.987,1105,576,67,No,784
634,9,489.0,0.5433639016867686,pl68_day9.mov,7.987,996,576,68,No,784
635,9,495.0,0.5999827052108934,pl69_day9.mov,7.987,996,576,69,No,784
636,9,490.0,0.8720551202806761,pl70_day9.mov,7.987,994,576,70,No,784
637,9,489.0,0.5780922479489997,pl71_day9.mov,7.987,994,576,71,No,784
638,9,521.0,0.5786758361801928,pl72_day9.mov,7.987,1044,576,72,No,784
639,9,489.0,0.6362038465377284,pl73_day9.mov,7.987,998,576,73,No,784
640,9,490.0,0.6065183582434666,pl74_day9.mov,7.987,1031,576,74,No,784
641,9,527.0,0.6317256961324156,plt10_day9.mov,7.987,1053,576,10,No,784
642,9,487.0,0.574239448365855,plt11_day9.mov,7.987,980,576,11,No,784
643,9,488.0,0.6231127032028548,plt12_day9.mov,7.987,980,576,12,No,784
644,9,535.0,0.6450104964146085,plt13_day9.mov,7.987,1060,576,13,No,784
645,9,485.0,0.5576791707177702,plt14_day9.mov,7.987,1002,576,14,No,784
646,9,518.0,0.5950860260012462,plt15_day9.mov,7.987,1004,576,15,No,784
647,9,485.0,0.5510973739496092,plt16_day9.mov,7.987,982,576,16,No,784
648,9,492.0,0.6056174672153576,plt17_day9.mov,7.987,1016,576,17,No,784
649,9,536.0,0.6925536349150776,plt18_day9.mov,7.987,1024,576,18,No,784
650,9,545.0,0.5973024797182893,plt19_day9.mov,7.987,1037,576,19,No,784
651,9,491.0,0.596295748649741,plt1_day9.mov,7.987,1000,576,1,No,784
652,9,512.0,0.5386752624585259,plt20_day9.mov,7.987,1000,576,20,No,784
653,9,508.0,0.5776816855527419,plt21_day9.mov,7.987,1004,576,21,No,784
654,9,508.0,0.5535476284991264,plt22_day9.mov,7.987,1003,576,22,No,784
655,9,506.0,0.5166136529693492,plt23_day9.mov,7.987,1005,576,23,No,784
656,9,500.0,0.6302976941340698,plt24_day9.mov,7.987,1161,576,24,No,784
657,9,486.0,0.851007546344004,plt25_day9.mov,7.987,982,576,25,No,784
658,9,522.0,0.5748871380380406,plt2_day9.mov,7.987,1013,576,2,No,784
659,9,487.0,0.6322452611644038,plt3_day9.mov,7.987,979,576,3,No,784
660,9,691.0,0.9504579242593655,plt4_day9.mov,7.987,1203,576,4,No,784
661,9,497.0,0.6330128676277,plt5_day9.mov,7.987,1004,576,5,No,784
662,9,488.0,0.5200403055501577,plt6_day9.mov,7.987,1002,576,6,No,784
663,9,498.0,0.5145657072019205,plt7_day9.mov,7.987,1003,576,7,No,784
664,9,514.0,0.720587595754393,plt8_day9.mov,7.987,1005,576,8,No,784
665,9,486.0,0.5564138324350567,plt9_day9.mov,7.987,1034,576,9,No,784
